Time (s),State,EAR,MAR,Gaze,Yawning,Roll,BaseRoll,Pitch,BasePitch,Yaw,BaseYaw
0.04,Stillness,0.000,0.130,4.330,False,-4.93,-2.47,-1.38,-0.69,-0.01,-0.01
0.13,Stillness,0.000,0.114,3.650,False,-5.26,-4.93,-1.36,-1.36,-0.01,-0.01
0.15,Stillness,0.000,0.108,4.330,False,-5.18,-5.06,-1.00,-1.18,-0.01,-0.01
0.19,Stillness,0.000,0.108,3.650,False,-4.86,-4.93,-0.74,-1.00,-0.01,-0.01
0.22,Stillness,0.000,0.109,4.330,False,-4.51,-4.89,-0.28,-0.87,-0.01,-0.01
0.25,Stillness,0.000,0.100,4.081,False,-4.49,-4.86,0.16,-0.74,-0.01,-0.01
0.28,Stillness,0.000,0.101,4.303,False,-4.47,-4.68,0.48,-0.51,-0.01,-0.01
0.31,Stillness,0.000,0.111,4.081,False,-4.31,-4.51,0.66,-0.28,-0.01,-0.01
0.34,Stillness,0.000,0.101,5.385,False,-4.14,-4.50,1.14,-0.14,-0.01,-0.01
0.37,Stillness,0.000,0.100,6.047,False,-3.94,-4.49,1.61,0.00,-0.01,-0.01
0.40,Stillness,0.000,0.102,6.521,False,-3.82,-4.48,2.13,0.08,-0.01,-0.01
0.43,Stillness,0.000,0.100,6.270,False,-3.72,-4.47,2.63,0.16,-0.01,-0.01
0.47,Stillness,0.000,0.104,5.000,False,-3.49,-4.39,3.14,0.32,-0.01,-0.01
0.50,Stillness,0.000,0.094,3.621,False,-3.35,-4.31,3.69,0.48,-0.01,-0.01
0.53,Stillness,0.000,0.090,3.162,False,-3.12,-4.22,4.18,0.57,-0.01,-0.01
0.56,Stillness,0.000,0.095,3.217,False,-2.80,-4.14,4.92,0.66,-0.01,-0.01
0.59,Drowsy,1.000,0.095,2.303,False,-3.07,-4.04,5.50,0.90,-0.01,-0.01
0.62,Drowsy,1.000,0.090,2.532,False,-3.11,-3.94,6.09,1.14,-0.01,-0.01
0.65,Drowsy,1.000,0.091,2.510,False,-2.94,-3.88,6.46,1.37,-0.01,-0.01
0.68,Drowsy,1.000,0.077,3.217,False,-2.94,-3.82,6.80,1.61,-0.00,-0.01
0.72,Drowsy,1.000,0.088,2.303,False,-2.81,-3.77,7.05,1.87,0.00,-0.01
0.75,Drowsy,1.000,0.082,2.921,False,-2.73,-3.72,7.06,2.13,0.00,-0.01
0.78,Drowsy,1.000,0.090,3.693,False,-2.68,-3.61,7.38,2.38,0.01,-0.01
0.81,Drowsy,1.000,0.083,3.811,False,-2.89,-3.49,7.38,2.63,0.01,-0.01
0.84,Drowsy,1.000,0.084,3.811,False,-2.87,-3.42,7.62,2.88,0.01,-0.01
0.87,Drowsy,1.000,0.080,3.811,False,-2.83,-3.35,7.76,3.14,0.01,-0.01
0.90,Drowsy,1.000,0.082,3.207,False,-2.21,-3.23,7.93,3.42,0.01,-0.01
0.94,Stillness,0.000,0.086,3.354,False,-2.09,-3.12,7.93,3.69,0.00,-0.01
0.96,Stillness,0.000,0.081,3.400,False,-1.85,-3.12,8.09,3.94,0.00,-0.01
1.00,Stillness,0.000,0.071,3.623,False,-1.79,-3.11,8.16,4.18,0.00,-0.01
1.03,Stillness,0.000,0.083,3.811,False,-1.73,-3.09,8.01,4.55,-0.00,-0.01
1.06,Stillness,0.000,0.081,2.943,False,-1.81,-3.07,8.14,4.92,0.00,-0.01
1.09,Stillness,0.000,0.083,2.736,False,-1.85,-3.01,8.11,5.21,0.00,-0.01
1.12,Stillness,0.000,0.059,3.257,False,-2.02,-2.94,8.27,5.50,0.00,-0.01
1.15,Stillness,0.000,0.083,3.811,False,-1.97,-2.94,8.12,5.80,0.00,-0.01
1.19,Stillness,0.000,0.084,3.180,False,-1.91,-2.94,8.11,6.09,0.00,-0.01
1.22,Stillness,0.000,0.085,3.643,False,-1.96,-2.92,8.09,6.27,0.00,-0.00
1.25,Stillness,0.000,0.085,3.864,False,-2.03,-2.89,8.07,6.46,0.00,-0.00
1.28,Stillness,0.000,0.083,3.811,False,-2.32,-2.88,8.16,6.63,0.01,-0.00
1.31,Stillness,0.000,0.071,3.811,False,-2.51,-2.87,8.12,6.80,0.01,0.00
1.34,Stillness,0.000,0.082,2.943,False,-2.45,-2.85,8.08,6.92,0.01,0.00
1.37,Stillness,0.000,0.081,3.811,False,-2.36,-2.83,8.18,7.05,0.01,-0.00
1.40,Stillness,0.000,0.094,3.354,False,-2.56,-2.82,8.26,7.06,0.01,0.00
1.43,Stillness,0.000,0.082,3.354,False,-2.60,-2.81,8.25,7.06,0.01,0.00
1.47,Stillness,0.000,0.083,4.081,False,-2.62,-2.81,8.20,7.22,0.01,0.00
1.50,Stillness,0.000,0.094,3.811,False,-2.75,-2.80,8.14,7.38,0.01,0.00
1.53,Stillness,0.000,0.094,3.180,False,-2.74,-2.77,7.99,7.38,0.01,0.00
1.56,Stillness,0.000,0.070,4.280,False,-2.46,-2.75,8.03,7.38,0.01,0.00
1.59,Stillness,0.000,0.082,2.510,False,-2.52,-2.74,8.12,7.50,0.01,0.00
1.62,Stillness,0.000,0.086,4.915,False,-3.19,-2.75,8.23,7.62,0.01,0.00
1.65,Stillness,0.000,0.073,4.702,False,-3.51,-2.77,8.16,7.69,0.01,0.00
1.68,Stillness,0.000,0.079,5.149,False,-3.30,-2.80,8.04,7.76,0.01,0.00
1.71,Stillness,0.000,0.083,3.217,False,-2.89,-2.81,7.70,7.73,0.01,0.00
1.75,Stillness,0.000,0.080,3.180,False,-2.69,-2.80,7.75,7.75,0.01,0.00
1.78,Stillness,0.000,0.089,2.943,False,-2.93,-2.81,7.64,7.72,0.00,0.00
1.81,Stillness,0.000,0.076,2.736,False,-3.33,-2.81,7.29,7.70,0.00,0.00
1.84,Stillness,0.000,0.085,2.303,False,-3.72,-2.82,7.01,7.67,0.00,0.00
1.87,Stillness,0.000,0.078,2.303,False,-3.96,-2.83,6.94,7.64,0.00,0.00
1.90,Drowsy,1.000,0.090,2.921,False,-4.25,-2.85,6.76,7.63,0.00,0.00
1.93,Drowsy,1.000,0.097,3.606,False,-4.12,-2.87,6.43,7.62,-0.00,0.00
1.96,Drowsy,1.000,0.086,2.532,False,-4.08,-2.88,6.18,7.50,-0.01,0.00
1.99,Drowsy,1.000,0.096,2.828,False,-4.41,-2.89,5.99,7.38,-0.01,0.00
2.03,Drowsy,1.000,0.097,2.236,False,-3.75,-2.89,6.08,7.38,-0.02,0.00
2.06,Drowsy,1.000,0.091,2.921,False,-3.67,-2.89,5.99,7.38,-0.02,0.00
2.09,Drowsy,1.000,0.092,2.828,False,-3.81,-2.91,5.63,7.34,-0.02,0.00
2.12,Drowsy,1.000,0.092,4.039,False,-3.61,-2.93,5.69,7.29,-0.03,0.00
2.15,Drowsy,1.000,0.103,5.221,False,-3.56,-2.93,5.20,7.18,-0.03,0.00
2.18,Drowsy,1.000,0.091,6.772,False,-3.68,-2.94,4.82,7.06,-0.04,0.00
2.21,Drowsy,1.000,0.082,6.405,False,-3.93,-2.94,4.37,7.06,-0.03,0.00
2.24,Drowsy,1.000,0.093,4.718,False,-3.90,-2.94,4.42,7.05,-0.03,0.00
2.27,Drowsy,1.000,0.110,2.921,False,-4.18,-3.01,4.05,7.03,-0.03,0.00
2.31,Drowsy,1.000,0.090,3.817,False,-4.66,-3.07,3.69,7.01,-0.02,0.00
2.34,Drowsy,1.000,0.100,3.217,False,-4.99,-3.09,3.40,6.97,-0.02,0.00
2.37,Drowsy,1.000,0.103,3.606,False,-5.25,-3.11,2.95,6.94,-0.01,0.00
2.40,Drowsy,1.000,0.083,4.472,False,-5.24,-3.12,2.70,6.87,-0.00,0.00
2.43,Drowsy,1.000,0.087,3.924,False,-5.48,-3.12,2.53,6.80,0.00,0.00
2.46,Drowsy,1.000,0.087,4.621,False,-5.51,-3.16,2.27,6.78,0.01,0.00
2.49,Drowsy,1.000,0.095,3.606,False,-5.97,-3.19,2.06,6.76,0.01,0.00
2.52,Drowsy,1.000,0.095,3.384,False,-6.39,-3.25,1.91,6.61,0.02,0.00
2.55,Drowsy,1.000,0.085,3.924,False,-6.75,-3.30,1.86,6.46,0.02,0.00
2.59,Stillness,0.000,0.096,4.357,False,-7.11,-3.31,1.70,6.44,0.03,0.00
2.62,Stillness,0.000,0.094,3.217,False,-7.03,-3.33,1.69,6.43,0.03,0.00
2.65,Stillness,0.000,0.096,3.606,False,-7.16,-3.34,1.35,6.30,0.04,0.00
2.68,Stillness,0.000,0.096,3.606,False,-7.38,-3.35,1.01,6.18,0.05,0.00
2.71,Stillness,0.000,0.096,3.606,False,-7.41,-3.42,0.88,6.13,0.05,0.00
2.74,Stillness,0.000,0.102,3.924,False,-7.30,-3.49,0.76,6.09,0.06,0.00
2.77,Stillness,0.000,0.095,3.924,False,-7.31,-3.50,0.83,6.08,0.06,0.00
2.80,Stillness,0.000,0.085,3.924,False,-7.53,-3.51,0.74,6.08,0.06,0.00
2.84,Stillness,0.000,0.097,4.621,False,-7.63,-3.53,0.63,6.03,0.07,0.00
2.87,Stillness,0.000,0.096,3.924,False,-7.76,-3.56,0.42,5.99,0.07,0.00
2.90,Stillness,0.000,0.094,3.536,False,-7.88,-3.58,0.66,5.99,0.06,0.00
2.94,Stillness,0.000,0.093,3.384,False,-7.92,-3.61,0.69,5.99,0.06,0.00
2.96,Stillness,0.000,0.084,3.536,False,-7.91,-3.64,0.79,5.84,0.05,0.00
2.99,Stillness,0.000,0.095,4.303,False,-7.86,-3.67,0.83,5.69,0.05,0.00
3.02,Stillness,0.000,0.086,3.536,False,-7.88,-3.67,0.80,5.66,0.05,0.00
3.05,Stillness,0.000,0.082,4.621,False,-7.76,-3.68,0.82,5.63,0.05,0.00
3.08,Stillness,0.000,0.096,4.243,False,-7.72,-3.70,0.99,5.57,0.05,0.00
3.12,Stillness,0.000,0.096,4.243,False,-7.68,-3.72,0.70,5.50,0.05,0.00
3.15,Stillness,0.000,0.096,3.606,False,-7.77,-3.72,0.84,5.35,0.05,0.00
3.18,Stillness,0.000,0.106,4.357,False,-7.85,-3.72,0.78,5.20,0.05,0.00
3.21,Stillness,0.000,0.095,4.303,False,-7.98,-3.74,0.93,5.06,0.04,0.00
3.24,Stillness,0.000,0.094,3.702,False,-7.77,-3.75,0.90,4.92,0.04,0.00
3.27,Stillness,0.000,0.086,4.718,False,-7.81,-3.78,1.25,4.87,0.04,0.00
3.30,Stillness,0.000,0.085,8.641,False,-7.69,-3.81,1.51,4.82,0.03,0.00
3.33,Stillness,0.000,0.084,7.637,False,-7.67,-3.82,1.60,4.62,0.03,0.00
3.37,Stillness,0.000,0.093,7.597,False,-7.77,-3.82,1.59,4.42,0.03,0.00
3.40,Stillness,0.000,0.105,5.702,False,-7.71,-3.86,1.98,4.40,0.02,0.00
3.43,Stillness,0.000,0.105,3.924,False,-7.47,-3.90,2.04,4.37,0.02,0.00
3.46,Stillness,0.000,0.095,2.921,False,-7.15,-3.92,2.48,4.28,0.01,0.00
3.49,Stillness,0.000,0.106,4.243,False,-6.84,-3.93,2.90,4.18,-0.00,0.00
3.52,Drowsy,1.000,0.093,3.924,False,-7.35,-3.94,3.19,4.11,-0.00,0.00
3.55,Drowsy,1.000,0.105,3.217,False,-6.95,-3.94,3.47,4.05,-0.01,0.00
3.58,Drowsy,1.000,0.096,3.650,False,-7.07,-3.95,3.70,3.87,-0.01,0.00
3.61,Drowsy,1.000,0.095,3.817,False,-6.78,-3.96,4.13,4.05,-0.02,0.00
3.65,Drowsy,1.000,0.094,3.650,False,-6.87,-4.02,4.43,4.09,-0.02,0.00
3.68,Drowsy,1.000,0.077,3.236,False,-6.68,-4.08,4.43,4.13,-0.02,0.00
3.71,Drowsy,1.000,0.087,3.236,False,-6.65,-4.10,4.56,4.16,-0.02,0.00
3.74,Drowsy,1.000,0.102,3.354,False,-6.58,-4.12,4.70,4.18,-0.02,0.00
3.77,Drowsy,1.000,0.092,4.274,False,-6.53,-4.13,4.61,4.28,-0.02,0.00
3.80,Drowsy,1.000,0.099,3.618,False,-6.46,-4.14,4.77,4.37,-0.02,0.00
3.83,Drowsy,1.000,0.085,5.117,False,-5.56,-4.16,4.72,4.40,-0.02,0.00
3.86,Drowsy,1.000,0.081,7.313,False,-6.03,-4.18,4.78,4.42,-0.02,0.00
3.90,Drowsy,1.000,0.080,7.785,False,-6.67,-4.21,4.61,4.42,-0.02,0.00
3.93,Drowsy,1.000,0.089,7.159,False,-6.90,-4.25,4.73,4.43,-0.02,0.00
3.96,Drowsy,1.000,0.100,4.131,False,-6.43,-4.28,4.74,4.43,-0.02,0.00
3.99,Drowsy,1.000,0.086,3.536,False,-6.44,-4.31,4.85,4.43,-0.01,0.00
4.02,Drowsy,1.000,0.087,2.000,False,-6.31,-4.36,5.03,4.50,-0.01,0.00
4.05,Drowsy,1.000,0.096,3.239,False,-5.87,-4.41,4.89,4.56,-0.01,0.00
4.08,Drowsy,1.000,0.085,3.702,False,-5.65,-4.44,5.03,4.59,-0.01,0.00
4.12,Drowsy,1.000,0.096,2.803,False,-5.49,-4.47,4.97,4.61,-0.01,0.00
4.15,Drowsy,1.000,0.077,2.081,False,-5.02,-4.48,5.02,4.61,-0.01,0.00
4.18,Drowsy,1.000,0.092,2.510,False,-5.06,-4.49,5.14,4.61,-0.01,0.00
4.21,Drowsy,1.000,0.087,2.943,False,-4.82,-4.50,5.11,4.66,-0.01,0.00
4.24,Drowsy,1.000,0.092,3.239,False,-4.74,-4.51,5.17,4.70,-0.01,0.00
4.27,Drowsy,1.000,0.078,2.921,False,-4.78,-4.58,5.15,4.71,-0.01,0.00
4.30,Drowsy,1.000,0.089,2.736,False,-4.81,-4.66,5.04,4.72,-0.01,0.00
4.33,Drowsy,1.000,0.097,2.943,False,-4.92,-4.70,5.15,4.72,-0.01,0.00
4.36,Drowsy,1.000,0.099,3.500,False,-4.95,-4.74,5.15,4.73,-0.01,0.00
4.39,Drowsy,1.000,0.089,3.811,False,-5.05,-4.76,5.25,4.73,-0.01,0.00
4.42,Drowsy,1.000,0.089,2.500,False,-5.13,-4.78,5.36,4.74,-0.01,0.00
4.46,Drowsy,1.000,0.088,2.736,False,-5.24,-4.79,5.53,4.76,-0.01,0.00
4.49,Drowsy,1.000,0.090,2.303,False,-5.29,-4.81,5.43,4.77,-0.01,0.00
4.52,Drowsy,1.000,0.080,2.510,False,-5.45,-4.81,5.65,4.78,-0.01,0.00
4.55,Stillness,0.000,0.092,3.354,False,-5.50,-4.82,5.86,4.78,-0.01,-0.00
4.58,Stillness,0.000,0.090,2.121,False,-5.86,-4.84,6.10,4.80,-0.01,0.00
4.61,Stillness,0.000,0.083,3.354,False,-6.03,-4.86,6.38,4.82,-0.01,0.00
4.64,Stillness,0.000,0.073,3.354,False,-6.23,-4.89,6.66,4.84,-0.01,-0.00
4.67,Stillness,0.000,0.084,3.400,False,-6.43,-4.92,6.70,4.85,-0.02,-0.00
4.70,Stillness,0.000,0.086,3.811,False,-6.58,-4.92,6.79,4.87,-0.02,-0.00
4.74,Stillness,0.000,0.074,3.000,False,-6.85,-4.93,6.85,4.89,-0.02,-0.00
4.77,Stillness,0.000,0.084,3.623,False,-6.76,-4.94,6.95,4.90,-0.02,-0.00
4.80,Stillness,0.000,0.077,3.854,False,-7.05,-4.95,7.00,4.92,-0.02,-0.00
4.83,Stillness,0.000,0.073,4.515,False,-7.35,-4.97,6.99,4.94,-0.02,-0.00
4.86,Stillness,0.000,0.086,4.061,False,-7.60,-4.99,6.88,4.97,-0.02,-0.00
4.89,Stillness,0.000,0.067,4.061,False,-7.86,-5.01,6.76,5.00,-0.02,-0.00
4.92,Stillness,0.000,0.087,4.472,False,-7.94,-5.02,6.71,5.02,-0.02,-0.00
4.95,Stillness,0.000,0.062,4.472,False,-8.16,-5.03,6.60,5.03,-0.02,-0.00
4.98,Stillness,0.000,0.072,4.034,False,-8.08,-5.05,6.48,5.03,-0.02,-0.01
5.02,Stillness,0.000,0.072,4.354,False,-8.17,-5.06,6.26,5.03,-0.02,-0.01
5.05,Stillness,0.000,0.084,4.354,False,-8.08,-5.06,5.89,5.03,-0.02,-0.01
5.08,Stillness,0.000,0.080,3.662,False,-8.27,-5.10,5.59,5.03,-0.02,-0.01
5.11,Stillness,0.000,0.081,3.662,False,-8.15,-5.13,5.45,5.04,-0.02,-0.01
5.14,Stillness,0.000,0.079,4.738,False,-8.00,-5.15,5.38,5.07,-0.02,-0.01
5.17,Stillness,0.000,0.077,4.808,False,-7.90,-5.18,5.33,5.11,-0.02,-0.01
5.20,Stillness,0.000,0.078,4.061,False,-7.90,-5.21,5.16,5.13,-0.02,-0.01
5.23,Stillness,0.000,0.095,4.034,False,-8.00,-5.24,4.93,5.11,-0.02,-0.01
5.27,Stillness,0.000,0.075,4.061,False,-7.93,-5.24,4.70,5.07,-0.02,-0.01
5.30,Stillness,0.000,0.090,4.061,False,-7.93,-5.24,4.52,5.04,-0.02,-0.01
5.33,Stillness,0.000,0.078,3.623,False,-7.69,-5.25,4.25,5.03,-0.02,-0.01
5.36,Stillness,0.000,0.076,3.623,False,-7.56,-5.25,4.05,5.03,-0.02,-0.01
5.39,Stillness,0.000,0.103,3.693,False,-7.72,-5.26,4.01,5.03,-0.02,-0.01
5.42,Stillness,0.000,0.098,3.623,False,-7.75,-5.26,3.79,5.03,-0.02,-0.01
5.45,Stillness,0.000,0.078,5.157,False,-7.76,-5.28,3.66,5.03,-0.02,-0.01
5.49,Stillness,0.000,0.086,4.854,False,-7.68,-5.29,3.52,5.02,-0.02,-0.01
5.53,Stillness,0.000,0.087,6.155,False,-7.64,-5.37,3.43,5.00,-0.02,-0.01
5.56,Stillness,0.000,0.086,5.187,False,-7.56,-5.45,3.37,4.97,-0.02,-0.01
5.59,Stillness,0.000,0.089,4.786,False,-7.69,-5.47,3.45,4.95,-0.02,-0.01
5.63,Stillness,0.000,0.078,6.451,False,-7.90,-5.48,3.41,4.93,-0.02,-0.01
5.66,Stillness,0.000,0.100,2.000,False,-7.79,-5.49,3.55,4.92,-0.02,-0.01
5.69,Drowsy,1.000,0.086,3.217,False,-8.03,-5.49,3.67,4.92,-0.02,-0.01
5.72,Drowsy,1.000,0.079,3.239,False,-7.98,-5.50,3.68,4.90,-0.02,-0.01
5.75,Drowsy,1.000,0.101,3.207,False,-7.91,-5.50,3.75,4.89,-0.02,-0.01
5.78,Drowsy,1.000,0.082,4.977,False,-8.00,-5.51,3.88,4.87,-0.02,-0.01
5.81,Drowsy,1.000,0.104,4.783,False,-7.97,-5.51,3.93,4.85,-0.02,-0.01
5.84,Drowsy,1.000,0.092,4.497,False,-7.95,-5.54,3.89,4.84,-0.02,-0.01
5.87,Drowsy,1.000,0.089,3.817,False,-8.03,-5.56,3.91,4.82,-0.02,-0.01
5.91,Drowsy,1.000,0.090,5.465,False,-8.17,-5.61,3.94,4.80,-0.02,-0.01
5.94,Drowsy,1.000,0.103,4.915,False,-8.04,-5.65,4.00,4.78,-0.02,-0.01
5.97,Drowsy,1.000,0.083,4.274,False,-8.00,-5.75,3.84,4.78,-0.02,-0.01
6.00,Drowsy,1.000,0.080,5.590,False,-8.14,-5.86,3.68,4.77,-0.02,-0.01
6.03,Drowsy,1.000,0.097,4.354,False,-8.06,-5.87,3.78,4.76,-0.02,-0.01
6.06,Drowsy,1.000,0.093,4.768,False,-8.08,-5.87,3.84,4.74,-0.02,-0.01
6.09,Drowsy,1.000,0.103,4.497,False,-8.30,-5.92,4.02,4.73,-0.02,-0.01
6.12,Drowsy,1.000,0.093,3.650,False,-8.21,-5.97,3.91,4.73,-0.02,-0.01
6.16,Drowsy,1.000,0.081,4.034,False,-8.11,-6.00,4.04,4.72,-0.02,-0.01
6.19,Drowsy,1.000,0.083,4.034,False,-8.21,-6.03,4.01,4.72,-0.02,-0.01
6.22,Drowsy,1.000,0.093,4.081,False,-8.21,-6.03,3.94,4.71,-0.02,-0.01
6.25,Drowsy,1.000,0.087,4.061,False,-8.03,-6.03,3.96,4.70,-0.02,-0.01
6.28,Drowsy,1.000,0.082,3.500,False,-7.87,-6.13,3.88,4.70,-0.02,-0.01
6.31,Stillness,0.000,0.097,3.693,False,-7.91,-6.23,4.02,4.70,-0.02,-0.01
6.34,Stillness,0.000,0.095,4.280,False,-7.92,-6.27,4.06,4.66,-0.02,-0.01
6.37,Stillness,0.000,0.095,3.354,False,-7.68,-6.31,4.05,4.61,-0.02,-0.01
6.40,Stillness,0.000,0.095,3.915,False,-7.81,-6.35,4.07,4.61,-0.02,-0.01
6.43,Stillness,0.000,0.082,3.811,False,-7.84,-6.39,4.13,4.61,-0.02,-0.01
6.47,Stillness,0.000,0.071,4.107,False,-7.67,-6.41,4.16,4.59,-0.02,-0.01
6.50,Stillness,0.000,0.085,3.550,False,-7.81,-6.43,4.21,4.56,-0.02,-0.01
6.53,Stillness,0.000,0.079,3.354,False,-7.73,-6.43,4.21,4.54,-0.02,-0.01
6.56,Stillness,0.000,0.096,2.943,False,-7.76,-6.43,4.30,4.52,-0.02,-0.01
6.59,Stillness,0.000,0.082,2.943,False,-7.89,-6.44,4.43,4.48,-0.02,-0.01
6.62,Stillness,0.000,0.093,3.303,False,-7.82,-6.44,4.33,4.43,-0.02,-0.01
6.65,Stillness,0.000,0.081,3.817,False,-7.86,-6.45,4.26,4.43,-0.02,-0.01
6.68,Stillness,0.000,0.083,3.180,False,-7.78,-6.46,4.20,4.43,-0.02,-0.01
6.72,Stillness,0.000,0.086,3.618,False,-7.85,-6.50,4.20,4.43,-0.02,-0.01
6.75,Stillness,0.000,0.094,3.354,False,-7.85,-6.53,4.17,4.43,-0.02,-0.01
6.78,Stillness,0.000,0.094,3.354,False,-7.66,-6.56,4.10,4.42,-0.02,-0.01
6.81,Drowsy,1.000,0.091,3.217,False,-7.72,-6.58,4.16,4.42,-0.02,-0.01
6.84,Drowsy,1.000,0.094,3.236,False,-7.55,-6.58,4.32,4.40,-0.02,-0.01
6.87,Drowsy,1.000,0.080,3.236,False,-7.95,-6.58,4.29,4.37,-0.02,-0.01
6.90,Drowsy,1.000,0.080,3.000,False,-7.92,-6.62,4.41,4.39,-0.02,-0.01
6.94,Drowsy,1.000,0.091,2.921,False,-8.07,-6.65,4.35,4.37,-0.02,-0.01
6.97,Drowsy,1.000,0.089,2.736,False,-7.97,-6.66,4.37,4.37,-0.02,-0.01
7.00,Drowsy,1.000,0.080,2.943,False,-8.12,-6.67,4.43,4.37,-0.02,-0.01
7.03,Drowsy,1.000,0.097,3.207,False,-8.17,-6.67,4.49,4.39,-0.02,-0.01
7.06,Drowsy,1.000,0.079,2.943,False,-7.94,-6.68,4.35,4.37,-0.02,-0.01
7.09,Drowsy,1.000,0.090,2.288,False,-7.83,-6.71,4.36,4.37,-0.02,-0.01
7.12,Drowsy,1.000,0.080,3.354,False,-8.00,-6.75,4.33,4.37,-0.02,-0.01
7.15,Drowsy,1.000,0.091,3.239,False,-7.85,-6.76,4.46,4.37,-0.02,-0.01
7.19,Drowsy,1.000,0.079,6.698,False,-7.66,-6.76,4.28,4.37,-0.02,-0.01
7.21,Drowsy,1.000,0.087,6.965,False,-7.06,-6.77,4.03,4.36,-0.02,-0.01
7.25,Drowsy,1.000,0.090,7.648,False,-7.46,-6.78,4.08,4.36,-0.02,-0.01
7.28,Drowsy,1.000,0.075,6.202,False,-7.75,-6.81,4.17,4.35,-0.02,-0.01
7.31,Drowsy,1.000,0.089,4.814,False,-7.71,-6.84,4.10,4.35,-0.02,-0.01
7.34,Drowsy,1.000,0.080,4.000,False,-7.58,-6.84,4.18,4.35,-0.02,-0.01
7.37,Drowsy,1.000,0.081,4.000,False,-7.79,-6.85,4.20,4.35,-0.02,-0.01
7.40,Drowsy,1.000,0.082,3.121,False,-7.77,-6.86,4.22,4.34,-0.02,-0.01
7.44,Drowsy,1.000,0.093,3.384,False,-7.84,-6.87,4.29,4.33,-0.02,-0.01
7.47,Drowsy,1.000,0.090,3.217,False,-7.75,-6.89,4.38,4.34,-0.02,-0.01
7.50,Drowsy,1.000,0.093,3.239,False,-7.83,-6.90,4.43,4.35,-0.02,-0.01
7.53,Drowsy,1.000,0.080,3.217,False,-7.82,-6.93,4.39,4.35,-0.02,-0.01
7.56,Drowsy,1.000,0.081,2.414,False,-7.75,-6.95,4.35,4.35,-0.02,-0.01
7.59,Drowsy,1.000,0.091,3.606,False,-7.57,-6.99,4.20,4.35,-0.02,-0.01
7.62,Drowsy,1.000,0.093,4.303,False,-7.47,-7.03,4.13,4.35,-0.02,-0.01
7.65,Drowsy,1.000,0.092,3.536,False,-7.37,-7.04,4.08,4.34,-0.02,-0.01
7.69,Drowsy,1.000,0.090,3.217,False,-7.33,-7.05,3.93,4.33,-0.02,-0.01
7.72,Drowsy,1.000,0.082,4.039,False,-7.30,-7.06,3.93,4.33,-0.02,-0.01
7.75,Drowsy,1.000,0.079,3.606,False,-7.30,-7.06,3.83,4.33,-0.02,-0.01
7.78,Drowsy,1.000,0.095,3.217,False,-7.31,-7.06,3.72,4.32,-0.02,-0.01
7.81,Drowsy,1.000,0.103,3.354,False,-7.31,-7.07,3.66,4.32,-0.02,-0.01
7.84,Drowsy,1.000,0.092,3.207,False,-7.32,-7.09,3.49,4.31,-0.02,-0.01
7.87,Drowsy,1.000,0.082,3.500,False,-7.22,-7.11,3.36,4.30,-0.02,-0.02
7.90,Drowsy,1.000,0.093,3.618,False,-7.27,-7.13,3.21,4.30,-0.02,-0.02
7.93,Drowsy,1.000,0.094,3.618,False,-7.28,-7.15,3.14,4.29,-0.02,-0.02
7.96,Stillness,0.000,0.091,3.650,False,-7.41,-7.15,3.04,4.29,-0.02,-0.02
8.00,Stillness,0.000,0.083,3.618,False,-7.34,-7.16,2.90,4.29,-0.03,-0.02
8.03,Stillness,0.000,0.083,3.236,False,-7.35,-7.19,2.70,4.29,-0.03,-0.02
8.06,Stillness,0.000,0.073,3.000,False,-7.21,-7.21,2.60,4.28,-0.03,-0.02
8.09,Stillness,0.000,0.082,3.354,False,-7.40,-7.21,2.31,4.27,-0.03,-0.02
8.12,Stillness,0.000,0.073,3.000,False,-7.30,-7.22,2.26,4.26,-0.03,-0.02
8.15,Stillness,0.000,0.103,3.476,False,-7.38,-7.24,2.11,4.26,-0.03,-0.02
8.18,Stillness,0.000,0.080,4.107,False,-7.35,-7.27,1.94,4.25,-0.03,-0.02
8.21,Stillness,0.000,0.080,3.650,False,-7.39,-7.27,1.76,4.24,-0.04,-0.02
8.25,Stillness,0.000,0.097,3.354,False,-7.38,-7.28,1.74,4.22,-0.04,-0.02
8.28,Stillness,0.000,0.103,4.034,False,-7.42,-7.29,1.54,4.22,-0.04,-0.02
8.31,Stillness,0.000,0.097,4.034,False,-7.42,-7.30,1.51,4.21,-0.04,-0.02
8.34,Stillness,0.000,0.096,4.330,False,-7.36,-7.30,1.41,4.21,-0.05,-0.02
8.37,Stillness,0.000,0.108,3.400,False,-7.38,-7.30,1.38,4.21,-0.05,-0.02
8.40,Stillness,0.000,0.096,4.034,False,-7.44,-7.30,1.20,4.21,-0.05,-0.02
8.43,Stillness,0.000,0.096,4.330,False,-7.50,-7.30,1.08,4.20,-0.05,-0.02
8.46,Stillness,0.000,0.094,3.811,False,-7.46,-7.30,1.08,4.20,-0.05,-0.02
8.50,Stillness,0.000,0.096,4.274,False,-7.71,-7.30,0.92,4.20,-0.06,-0.02
8.52,Stillness,0.000,0.093,4.034,False,-7.64,-7.31,0.79,4.20,-0.06,-0.02
8.56,Stillness,0.000,0.097,4.472,False,-7.64,-7.31,0.69,4.20,-0.06,-0.02
8.59,Stillness,0.000,0.084,4.107,False,-7.71,-7.31,0.59,4.20,-0.06,-0.02
8.62,Stillness,0.000,0.084,4.034,False,-7.76,-7.31,0.55,4.20,-0.07,-0.02
8.65,Stillness,0.000,0.084,4.330,False,-7.73,-7.31,0.48,4.19,-0.07,-0.02
8.68,Stillness,0.000,0.083,4.497,False,-7.69,-7.31,0.57,4.18,-0.07,-0.02
8.71,Stillness,0.000,0.082,3.303,False,-7.98,-7.32,0.30,4.18,-0.07,-0.02
8.74,Stillness,0.000,0.081,5.853,False,-8.07,-7.32,0.18,4.18,-0.07,-0.02
8.78,Stillness,0.000,0.096,5.000,False,-7.85,-7.32,0.20,4.18,-0.07,-0.02
8.81,Stillness,0.000,0.081,4.562,False,-7.86,-7.33,0.33,4.17,-0.07,-0.02
8.84,Stillness,0.000,0.093,6.359,False,-7.97,-7.33,0.39,4.17,-0.07,-0.02
8.87,Stillness,0.000,0.095,3.702,False,-7.80,-7.34,0.57,4.17,-0.08,-0.02
8.90,Stillness,0.000,0.092,2.581,False,-7.63,-7.34,0.68,4.16,-0.08,-0.02
8.93,Stillness,0.000,0.090,4.193,False,-7.55,-7.35,0.81,4.16,-0.08,-0.02
8.96,Stillness,0.000,0.093,4.081,False,-7.48,-7.35,1.13,4.16,-0.08,-0.02
9.00,Drowsy,1.000,0.091,4.081,False,-6.93,-7.35,1.30,4.16,-0.07,-0.02
9.03,Drowsy,1.000,0.094,3.239,False,-6.50,-7.34,1.51,4.14,-0.07,-0.02
9.06,Drowsy,1.000,0.105,3.811,False,-5.98,-7.34,2.11,4.13,-0.06,-0.02
9.09,Drowsy,1.000,0.104,4.107,False,-5.60,-7.33,2.28,4.13,-0.06,-0.02
9.12,Drowsy,1.000,0.083,3.400,False,-5.09,-7.33,2.81,4.13,-0.05,-0.02
9.15,Drowsy,1.000,0.100,3.811,False,-4.27,-7.32,3.16,4.13,-0.04,-0.02
9.18,Drowsy,1.000,0.094,3.811,False,-4.07,-7.32,3.45,4.13,-0.04,-0.02
9.21,Drowsy,1.000,0.106,3.354,False,-3.71,-7.32,3.72,4.11,-0.03,-0.02
9.25,Drowsy,1.000,0.097,2.943,False,-3.26,-7.31,4.13,4.13,-0.02,-0.02
9.28,Drowsy,1.000,0.084,2.943,False,-2.98,-7.31,4.72,4.13,-0.02,-0.02
9.31,Stillness,0.000,0.086,3.618,False,-2.60,-7.31,5.13,4.13,-0.01,-0.02
9.34,Stillness,0.000,0.087,3.811,False,-1.72,-7.31,5.92,4.13,0.00,-0.02
9.37,Stillness,0.000,0.064,5.443,False,-1.37,-7.31,6.45,4.13,0.01,-0.02
9.40,Stillness,0.000,0.065,5.475,False,-0.93,-7.31,7.11,4.13,0.02,-0.02
9.43,Stillness,0.000,0.066,4.671,False,-0.12,-7.30,7.82,4.13,0.03,-0.02
9.46,Stillness,0.000,0.065,6.854,False,0.15,-7.30,8.13,4.14,0.04,-0.02
9.49,Stillness,0.000,0.079,8.303,False,0.46,-7.30,8.44,4.16,0.05,-0.02
9.53,Stillness,0.000,0.081,6.737,False,0.90,-7.30,9.01,4.16,0.05,-0.02
9.55,Stillness,0.000,0.067,3.915,False,1.06,-7.30,9.39,4.16,0.06,-0.02
9.60,Stillness,0.000,0.056,5.590,False,1.41,-7.30,10.22,4.16,0.06,-0.02
9.63,Stillness,0.000,0.056,6.044,False,1.26,-7.30,10.31,4.17,0.06,-0.02
9.67,Stillness,0.000,0.076,5.284,False,1.35,-7.29,10.82,4.17,0.06,-0.02
9.70,Stillness,0.000,0.056,4.107,False,1.34,-7.28,11.09,4.17,0.06,-0.02
9.73,Stillness,0.000,0.079,4.965,False,1.30,-7.27,11.12,4.18,0.06,-0.02
9.76,Stillness,0.000,0.070,4.495,False,1.28,-7.27,11.29,4.18,0.06,-0.02
9.79,Stillness,0.000,0.056,4.718,False,1.20,-7.24,11.28,4.18,0.06,-0.02
9.82,Stillness,0.000,0.075,5.157,False,1.13,-7.22,11.49,4.18,0.06,-0.02
9.85,Stillness,0.000,0.058,4.929,False,1.22,-7.21,11.47,4.19,0.06,-0.02
9.89,Stillness,0.000,0.071,4.495,False,1.11,-7.21,11.33,4.20,0.05,-0.02
9.92,Stillness,0.000,0.071,4.929,False,1.06,-7.19,11.28,4.20,0.05,-0.02
9.95,Stillness,0.000,0.059,4.965,False,0.96,-7.16,11.60,4.20,0.05,-0.02
9.98,Stillness,0.000,0.062,4.495,False,0.95,-7.15,11.54,4.20,0.05,-0.02
10.01,Stillness,0.000,0.071,4.965,False,0.81,-7.15,11.60,4.20,0.04,-0.02
10.04,Stillness,0.000,0.070,5.157,False,0.77,-7.13,11.64,4.20,0.04,-0.02
10.07,Stillness,0.000,0.070,4.718,False,0.66,-7.11,11.47,4.20,0.04,-0.02
10.10,Stillness,0.000,0.073,4.965,False,0.62,-7.09,11.54,4.21,0.04,-0.02
10.14,Stillness,0.000,0.077,4.472,False,0.61,-7.07,11.52,4.21,0.03,-0.02
10.17,Stillness,0.000,0.075,4.768,False,0.50,-7.06,11.49,4.21,0.03,-0.02
10.20,Stillness,0.000,0.088,4.495,False,0.39,-7.06,11.42,4.21,0.03,-0.02
10.23,Stillness,0.000,0.081,4.495,False,0.39,-7.06,11.44,4.22,0.03,-0.02
10.26,Stillness,0.000,0.104,4.495,False,0.30,-7.05,11.36,4.22,0.02,-0.02
10.29,Stillness,0.000,0.103,4.497,False,0.31,-7.04,11.31,4.24,0.02,-0.02
10.32,Stillness,0.000,0.077,5.037,False,0.23,-7.03,11.11,4.25,0.02,-0.02
10.35,Stillness,0.000,0.091,5.831,False,0.11,-6.99,10.99,4.26,0.02,-0.02
10.38,Stillness,0.000,0.100,5.608,False,0.00,-6.95,11.01,4.26,0.01,-0.02
10.42,Stillness,0.000,0.091,4.562,False,-0.19,-6.94,10.78,4.27,0.01,-0.02
10.45,Stillness,0.000,0.066,4.929,False,0.00,-6.93,10.92,4.28,0.01,-0.02
10.48,Stillness,0.000,0.067,4.718,False,0.18,-6.92,10.88,4.29,0.01,-0.02
10.51,Stillness,0.000,0.053,5.152,False,0.11,-6.90,10.88,4.29,0.01,-0.02
10.54,Stillness,0.000,0.069,5.590,False,0.25,-6.89,11.06,4.29,0.01,-0.02
10.57,Stillness,0.000,0.067,5.408,False,0.35,-6.87,11.25,4.29,0.02,-0.02
10.60,Stillness,0.000,0.067,6.267,False,0.33,-6.86,11.16,4.30,0.02,-0.02
10.63,Stillness,0.000,0.069,5.854,False,0.11,-6.85,11.03,4.30,0.02,-0.02
10.66,Stillness,0.000,0.069,5.152,False,0.22,-6.84,10.94,4.31,0.02,-0.02
10.70,Stillness,0.000,0.069,4.736,False,0.15,-6.84,10.58,4.32,0.02,-0.02
10.73,Stillness,0.000,0.078,4.736,False,-0.01,-6.81,10.38,4.32,0.01,-0.01
10.76,Stillness,0.000,0.067,5.000,False,0.19,-6.78,10.61,4.33,0.01,-0.01
10.79,Stillness,0.000,0.067,5.193,False,0.00,-6.77,10.47,4.33,0.01,-0.01
10.82,Stillness,0.000,0.067,4.754,False,0.10,-6.76,10.42,4.33,0.01,-0.01
10.85,Stillness,0.000,0.054,4.081,False,0.23,-6.76,10.52,4.34,0.01,-0.01
10.88,Stillness,0.000,0.082,5.803,False,0.15,-6.75,10.33,4.35,0.01,-0.01
10.91,Stillness,0.000,0.081,8.877,False,-0.02,-6.71,9.80,4.35,0.01,-0.01
10.95,Stillness,0.000,0.066,7.356,False,0.21,-6.68,9.37,4.35,0.01,-0.01
10.99,Stillness,0.000,0.066,5.870,False,0.17,-6.67,9.19,4.35,0.01,-0.01
11.02,Stillness,0.000,0.065,5.957,False,0.04,-6.67,8.81,4.35,0.01,-0.01
11.05,Stillness,0.000,0.066,5.438,False,0.01,-6.66,8.95,4.36,0.01,-0.01
11.09,Stillness,0.000,0.079,5.193,False,-0.16,-6.65,8.72,4.36,0.01,-0.01
11.12,Stillness,0.000,0.067,4.718,False,-0.34,-6.62,8.40,4.36,0.01,-0.01
11.15,Stillness,0.000,0.064,4.330,False,-0.61,-6.58,8.23,4.37,0.00,-0.01
11.18,Drowsy,1.000,0.064,4.039,False,-0.71,-6.58,7.90,4.37,0.00,-0.01
11.21,Drowsy,1.000,0.076,4.495,False,-0.86,-6.58,7.50,4.37,-0.00,-0.01
11.24,Drowsy,1.000,0.063,4.357,False,-1.02,-6.56,7.23,4.37,-0.00,-0.01
11.27,Drowsy,1.000,0.062,4.303,False,-1.12,-6.53,7.25,4.38,-0.00,-0.01
11.30,Drowsy,1.000,0.077,3.811,False,-1.42,-6.51,7.03,4.38,-0.01,-0.01
11.33,Drowsy,1.000,0.076,4.495,False,-1.56,-6.50,6.78,4.39,-0.01,-0.01
11.37,Stillness,0.000,0.075,4.965,False,-1.69,-6.48,6.69,4.40,-0.01,-0.01
11.40,Stillness,0.000,0.074,3.811,False,-2.03,-6.46,6.35,4.41,-0.01,-0.01
11.43,Stillness,0.000,0.075,4.743,False,-1.89,-6.45,6.42,4.42,-0.01,-0.01
11.46,Stillness,0.000,0.074,4.662,False,-2.07,-6.44,6.43,4.42,-0.02,-0.01
11.49,Stillness,0.000,0.086,7.772,False,-1.98,-6.44,6.35,4.42,-0.02,-0.01
11.52,Stillness,0.000,0.073,5.612,False,-2.39,-6.43,6.17,4.43,-0.02,-0.01
11.55,Stillness,0.000,0.087,7.474,False,-2.48,-6.43,6.33,4.43,-0.02,-0.01
11.58,Stillness,0.000,0.073,8.327,False,-2.84,-6.43,6.14,4.43,-0.02,-0.01
11.61,Stillness,0.000,0.075,6.965,False,-2.98,-6.41,5.80,4.43,-0.02,-0.01
11.65,Stillness,0.000,0.076,2.995,False,-3.32,-6.39,6.04,4.43,-0.02,-0.01
11.68,Stillness,0.000,0.080,3.702,False,-3.23,-6.35,6.07,4.43,-0.02,-0.01
11.71,Stillness,0.000,0.095,4.081,False,-3.41,-6.31,5.87,4.43,-0.02,-0.01
11.74,Drowsy,1.000,0.079,4.472,False,-3.32,-6.27,5.75,4.43,-0.02,-0.01
11.77,Drowsy,1.000,0.086,4.472,False,-3.46,-6.23,5.77,4.43,-0.02,-0.01
11.80,Drowsy,1.000,0.085,4.061,False,-3.53,-6.13,5.51,4.44,-0.02,-0.01
11.84,Drowsy,1.000,0.077,4.768,False,-3.62,-6.03,5.45,4.46,-0.02,-0.01
11.87,Drowsy,1.000,0.086,4.280,False,-3.58,-6.03,5.39,4.47,-0.02,-0.01
11.90,Drowsy,1.000,0.088,3.869,False,-3.56,-6.03,5.50,4.49,-0.02,-0.01
11.93,Drowsy,1.000,0.072,3.854,False,-3.60,-6.00,5.53,4.51,-0.02,-0.01
11.96,Drowsy,1.000,0.085,3.854,False,-3.62,-5.98,5.52,4.52,-0.02,-0.01
11.99,Stillness,0.000,0.085,3.662,False,-3.49,-5.97,5.57,4.54,-0.02,-0.01
12.02,Stillness,0.000,0.073,3.662,False,-3.68,-5.97,5.53,4.56,-0.02,-0.01
12.06,Stillness,0.000,0.092,4.162,False,-3.71,-5.92,5.63,4.59,-0.02,-0.01
12.09,Stillness,0.000,0.072,3.354,False,-3.71,-5.87,5.39,4.61,-0.02,-0.01
12.12,Stillness,0.000,0.090,3.811,False,-3.40,-5.87,5.37,4.61,-0.02,-0.01
12.15,Stillness,0.000,0.087,3.869,False,-3.54,-5.86,5.38,4.61,-0.02,-0.02
12.18,Stillness,0.000,0.073,3.415,False,-3.60,-5.75,5.42,4.66,-0.02,-0.02
12.21,Stillness,0.000,0.084,3.415,False,-3.64,-5.65,5.35,4.70,-0.02,-0.02
12.24,Stillness,0.000,0.075,3.193,False,-3.68,-5.62,5.34,4.70,-0.02,-0.02
12.27,Stillness,0.000,0.084,2.236,False,-3.65,-5.60,5.43,4.70,-0.01,-0.02
12.30,Stillness,0.000,0.072,3.623,False,-3.65,-5.58,5.45,4.71,-0.01,-0.02
12.35,Stillness,0.000,0.084,3.400,False,-3.59,-5.56,5.52,4.72,-0.01,-0.02
12.38,Stillness,0.000,0.086,3.415,False,-3.56,-5.54,5.57,4.72,-0.01,-0.01
12.41,Stillness,0.000,0.074,2.500,False,-3.69,-5.51,5.61,4.72,-0.01,-0.01
12.45,Stillness,0.000,0.071,2.693,False,-3.74,-5.51,5.63,4.72,-0.01,-0.01
12.48,Stillness,0.000,0.084,3.193,False,-3.85,-5.50,5.68,4.73,-0.01,-0.01
12.51,Stillness,0.000,0.071,3.000,False,-3.75,-5.50,5.63,4.73,-0.01,-0.01
12.54,Stillness,0.000,0.073,2.693,False,-3.87,-5.49,5.73,4.74,-0.01,-0.01
12.57,Stillness,0.000,0.084,3.193,False,-3.77,-5.49,5.68,4.76,-0.01,-0.01
12.60,Stillness,0.000,0.074,3.000,False,-3.80,-5.48,5.66,4.77,-0.01,-0.01
12.63,Stillness,0.000,0.097,3.193,False,-3.83,-5.47,5.66,4.78,-0.01,-0.01
12.66,Stillness,0.000,0.083,3.415,False,-3.73,-5.45,5.64,4.78,-0.01,-0.01
12.69,Stillness,0.000,0.096,3.623,False,-3.60,-5.37,5.72,4.80,-0.01,-0.01
12.73,Stillness,0.000,0.075,2.699,False,-3.52,-5.29,5.48,4.82,-0.01,-0.01
12.75,Stillness,0.000,0.071,4.472,False,-3.01,-5.28,5.43,4.84,-0.01,-0.01
12.79,Stillness,0.000,0.081,6.357,False,-3.02,-5.26,5.42,4.85,-0.01,-0.01
12.82,Stillness,0.000,0.091,7.966,False,-3.13,-5.26,5.27,4.87,-0.01,-0.01
12.85,Stillness,0.000,0.091,5.904,False,-2.99,-5.25,5.11,4.89,-0.01,-0.01
12.88,Stillness,0.000,0.088,6.623,False,-3.02,-5.25,4.99,4.90,-0.01,-0.01
12.91,Stillness,0.000,0.087,5.193,False,-3.22,-5.24,4.90,4.90,-0.01,-0.01
12.94,Stillness,0.000,0.097,6.623,False,-3.06,-5.24,4.50,4.90,-0.01,-0.01
12.97,Stillness,0.000,0.110,9.518,False,-2.51,-5.24,4.03,4.89,-0.01,-0.01
13.00,Drowsy,1.000,0.094,6.413,False,-2.15,-5.21,3.62,4.87,-0.01,-0.01
13.04,Drowsy,1.000,0.085,4.495,False,-2.35,-5.18,3.01,4.85,-0.01,-0.01
13.07,Drowsy,1.000,0.113,2.532,False,-1.79,-5.15,2.79,4.84,-0.01,-0.01
13.10,Drowsy,1.000,0.103,2.581,False,-1.72,-5.13,2.29,4.82,-0.01,-0.01
13.13,Drowsy,1.000,0.099,3.606,False,-1.39,-5.11,2.10,4.80,-0.01,-0.01
13.16,Drowsy,1.000,0.098,3.217,False,-1.35,-5.09,1.83,4.78,-0.01,-0.01
13.19,Drowsy,1.000,0.098,2.699,False,-1.25,-5.08,1.62,4.78,-0.01,-0.01
13.22,Drowsy,1.000,0.096,3.384,False,-1.20,-5.06,1.23,4.77,-0.01,-0.01
13.25,Drowsy,1.000,0.115,2.532,False,-1.26,-5.06,0.85,4.76,-0.01,-0.01
13.28,Drowsy,1.000,0.104,3.924,False,-1.46,-5.05,0.46,4.74,-0.01,-0.01
13.31,Drowsy,1.000,0.114,3.606,False,-1.50,-5.03,0.11,4.73,-0.01,-0.01
13.35,Drowsy,1.000,0.117,3.606,False,-1.63,-5.02,-0.23,4.73,-0.01,-0.01
13.38,Drowsy,1.000,0.132,4.039,False,-1.76,-5.01,-0.51,4.72,-0.02,-0.01
13.41,Drowsy,1.000,0.103,3.384,False,-1.89,-4.99,-0.83,4.72,-0.02,-0.01
13.44,Drowsy,1.000,0.104,4.814,False,-1.81,-4.97,-1.22,4.72,-0.02,-0.01
13.47,Drowsy,1.000,0.110,3.643,False,-1.79,-4.95,-1.59,4.72,-0.02,-0.01
13.50,Stillness,0.000,0.121,3.606,False,-1.91,-4.94,-1.94,4.71,-0.02,-0.01
13.53,Stillness,0.000,0.111,3.643,False,-2.19,-4.93,-2.20,4.70,-0.03,-0.01
13.56,Stillness,0.000,0.104,4.274,False,-2.07,-4.92,-2.59,4.70,-0.03,-0.01
13.59,Stillness,0.000,0.103,3.864,False,-2.32,-4.92,-2.80,4.70,-0.03,-0.01
13.63,Stillness,0.000,0.123,4.611,False,-2.27,-4.89,-3.04,4.66,-0.03,-0.01
13.66,Stillness,0.000,0.114,4.929,False,-2.31,-4.86,-3.22,4.61,-0.03,-0.01
13.69,Stillness,0.000,0.103,4.352,False,-2.29,-4.84,-3.32,4.61,-0.03,-0.01
13.72,Stillness,0.000,0.112,4.495,False,-2.41,-4.82,-3.34,4.61,-0.03,-0.01
13.75,Stillness,0.000,0.126,4.495,False,-2.38,-4.81,-3.42,4.59,-0.03,-0.01
13.78,Stillness,0.000,0.122,4.495,False,-2.30,-4.81,-3.53,4.56,-0.03,-0.01
13.81,Stillness,0.000,0.122,4.497,False,-2.25,-4.79,-3.63,4.54,-0.02,-0.01
13.84,Stillness,0.000,0.131,4.274,False,-2.19,-4.78,-3.65,4.52,-0.02,-0.01
13.88,Stillness,0.000,0.112,4.274,False,-2.18,-4.76,-3.68,4.51,-0.02,-0.01
13.91,Stillness,0.000,0.121,4.193,False,-2.21,-4.74,-3.71,4.50,-0.02,-0.01
13.94,Stillness,0.000,0.129,4.280,False,-2.31,-4.70,-3.77,4.50,-0.02,-0.01
13.97,Stillness,0.000,0.124,4.193,False,-2.49,-4.66,-3.75,4.49,-0.02,-0.01
14.00,Stillness,0.000,0.123,3.736,False,-2.63,-4.58,-3.73,4.47,-0.02,-0.01
14.03,Stillness,0.000,0.123,4.497,False,-2.80,-4.51,-3.73,4.46,-0.01,-0.01
14.06,Stillness,0.000,0.128,4.280,False,-2.67,-4.50,-3.72,4.44,-0.01,-0.01
14.09,Stillness,0.000,0.123,4.743,False,-2.65,-4.49,-3.69,4.43,-0.01,-0.01
14.12,Stillness,0.000,0.132,4.662,False,-2.69,-4.48,-3.63,4.43,-0.01,-0.01
14.16,Stillness,0.000,0.131,4.280,False,-2.66,-4.47,-3.68,4.43,-0.01,-0.01
14.19,Stillness,0.000,0.133,4.768,False,-2.67,-4.44,-3.64,4.43,-0.01,-0.01
14.22,Stillness,0.000,0.125,4.193,False,-2.71,-4.41,-3.68,4.43,-0.01,-0.01
14.25,Stillness,0.000,0.132,3.693,False,-2.61,-4.36,-3.63,4.43,-0.00,-0.01
14.28,Stillness,0.000,0.129,4.034,False,-2.62,-4.31,-3.61,4.43,-0.00,-0.01
14.31,Stillness,0.000,0.148,3.693,False,-2.67,-4.29,-3.63,4.43,-0.00,-0.01
14.35,Stillness,0.000,0.140,3.236,False,-2.76,-4.27,-3.62,4.43,-0.00,-0.01
14.37,Stillness,0.000,0.139,4.162,False,-2.73,-4.26,-3.64,4.42,-0.00,-0.01
14.41,Stillness,0.000,0.140,3.736,False,-2.81,-4.25,-3.56,4.42,-0.00,-0.01
14.44,Stillness,0.000,0.122,4.162,False,-2.72,-4.21,-3.53,4.42,-0.00,-0.01
14.47,Stillness,0.000,0.124,4.280,False,-2.92,-4.18,-3.46,4.41,-0.00,-0.01
14.50,Stillness,0.000,0.123,4.472,False,-3.12,-4.16,-3.46,4.40,0.00,-0.01
14.53,Stillness,0.000,0.123,4.935,False,-3.15,-4.14,-3.40,4.39,0.00,-0.01
14.56,Stillness,0.000,0.132,4.935,False,-3.18,-4.13,-3.49,4.38,0.00,-0.01
14.59,Stillness,0.000,0.123,4.743,False,-3.26,-4.12,-3.47,4.38,0.00,-0.01
14.62,Stillness,0.000,0.113,4.743,False,-3.21,-4.10,-3.51,4.37,0.00,-0.01
14.65,Stillness,0.000,0.125,4.472,False,-3.08,-4.08,-3.48,4.37,0.01,-0.01
14.69,Stillness,0.000,0.139,4.193,False,-3.02,-4.08,-3.49,4.37,0.01,-0.01
14.71,Stillness,0.000,0.123,3.693,False,-2.98,-4.07,-3.55,4.37,0.01,-0.01
14.75,Stillness,0.000,0.139,3.500,False,-2.97,-4.02,-3.60,4.36,0.01,-0.01
14.78,Stillness,0.000,0.149,3.915,False,-2.99,-3.96,-3.67,4.36,0.01,-0.01
14.81,Stillness,0.000,0.150,4.034,False,-2.99,-3.95,-3.81,4.36,0.01,-0.01
14.84,Stillness,0.000,0.140,4.415,False,-3.01,-3.94,-3.91,4.35,0.01,-0.01
14.87,Stillness,0.000,0.148,4.274,False,-3.06,-3.94,-3.84,4.35,0.01,-0.01
14.90,Stillness,0.000,0.141,4.034,False,-3.07,-3.93,-3.86,4.35,0.01,-0.01
14.94,Stillness,0.000,0.149,4.034,False,-3.04,-3.92,-3.87,4.35,0.01,-0.01
14.97,Stillness,0.000,0.158,4.415,False,-3.16,-3.90,-3.87,4.35,0.01,-0.01
15.00,Stillness,0.000,0.157,4.497,False,-3.09,-3.89,-3.84,4.34,0.01,-0.01
15.03,Stillness,0.000,0.160,4.631,False,-3.13,-3.87,-3.81,4.33,0.01,-0.01
15.08,Stillness,0.000,0.148,2.803,False,-3.04,-3.86,-3.92,4.33,0.02,-0.01
15.11,Stillness,0.000,0.137,4.472,False,-3.58,-3.85,-3.74,4.33,0.02,-0.01
15.14,Stillness,0.000,0.135,6.093,False,-3.67,-3.84,-3.56,4.32,0.02,-0.01
15.17,Stillness,0.000,0.127,6.729,False,-3.78,-3.83,-3.50,4.32,0.02,-0.01
15.20,Stillness,0.000,0.129,4.890,False,-3.83,-3.83,-3.22,4.31,0.02,-0.01
15.23,Stillness,0.000,0.127,2.699,False,-3.72,-3.83,-3.06,4.30,0.02,-0.01
15.27,Stillness,0.000,0.122,3.606,False,-3.67,-3.82,-2.97,4.30,0.02,-0.01
15.30,Stillness,0.000,0.121,5.037,False,-3.83,-3.83,-2.65,4.29,0.02,-0.01
15.33,Stillness,0.000,0.130,4.410,False,-3.95,-3.83,-2.29,4.29,0.02,-0.01
15.36,Stillness,0.000,0.131,4.562,False,-3.87,-3.83,-1.96,4.29,0.01,-0.01
15.39,Drowsy,1.000,0.121,5.202,False,-4.02,-3.83,-1.54,4.29,0.01,-0.01
15.42,Stillness,0.000,0.130,4.977,False,-4.21,-3.83,-1.04,4.28,0.01,-0.01
15.45,Stillness,0.000,0.119,5.438,False,-4.50,-3.84,-0.55,4.27,0.00,-0.01
15.48,Stillness,0.000,0.120,4.183,False,-4.50,-3.85,-0.30,4.26,-0.00,-0.01
15.51,Stillness,0.000,0.138,4.828,False,-4.68,-3.86,0.08,4.26,-0.01,-0.01
15.54,Stillness,0.000,0.119,4.121,False,-4.67,-3.87,0.42,4.25,-0.02,-0.01
15.58,Stillness,0.000,0.110,5.050,False,-4.67,-3.87,0.78,4.24,-0.03,-0.01
15.61,Stillness,0.000,0.117,5.378,False,-4.86,-3.87,1.27,4.22,-0.04,-0.01
15.64,Stillness,0.000,0.132,4.562,False,-4.98,-3.89,1.66,4.22,-0.05,-0.01
15.67,Stillness,0.000,0.128,4.183,False,-5.02,-3.90,2.04,4.21,-0.06,-0.01
15.70,Stillness,0.000,0.119,4.562,False,-5.18,-3.92,2.43,4.21,-0.07,-0.01
15.73,Stillness,0.000,0.120,4.497,False,-5.29,-3.93,2.78,4.21,-0.08,-0.01
15.76,Stillness,0.000,0.121,4.935,False,-5.48,-3.94,3.06,4.21,-0.09,-0.01
15.80,Stillness,0.000,0.127,4.890,False,-5.70,-3.94,3.21,4.20,-0.09,-0.01
15.83,Stillness,0.000,0.124,5.064,False,-5.57,-3.94,3.22,4.20,-0.09,-0.01
15.86,Stillness,0.000,0.133,4.081,False,-5.90,-3.95,3.67,4.20,-0.10,-0.01
15.89,Stillness,0.000,0.133,3.702,False,-6.05,-3.95,3.79,4.20,-0.10,-0.01
15.92,Stillness,0.000,0.127,4.081,False,-6.18,-3.96,3.74,4.20,-0.10,-0.01
15.95,Stillness,0.000,0.127,4.718,False,-6.14,-3.99,3.75,4.20,-0.09,-0.01
15.98,Stillness,0.000,0.126,4.303,False,-6.02,-4.02,3.71,4.20,-0.09,-0.01
16.02,Stillness,0.000,0.135,4.303,False,-6.02,-4.04,3.69,4.19,-0.09,-0.01
16.05,Stillness,0.000,0.126,3.606,False,-6.17,-4.07,3.72,4.18,-0.09,-0.01
16.08,Stillness,0.000,0.133,4.562,False,-5.98,-4.08,3.50,4.18,-0.09,-0.01
16.11,Stillness,0.000,0.116,3.702,False,-5.71,-4.08,3.25,4.18,-0.09,-0.01
16.14,Stillness,0.000,0.116,4.631,False,-5.58,-4.10,3.09,4.18,-0.09,-0.01
16.17,Stillness,0.000,0.115,4.736,False,-5.38,-4.12,2.89,4.17,-0.08,-0.01
16.20,Stillness,0.000,0.124,4.357,False,-5.14,-4.13,2.66,4.17,-0.08,-0.01
16.23,Stillness,0.000,0.125,3.500,False,-4.89,-4.14,2.43,4.17,-0.08,-0.01
16.27,Stillness,0.000,0.131,6.308,False,-4.92,-4.16,2.07,4.16,-0.09,-0.01
16.30,Stillness,0.000,0.133,6.191,False,-4.93,-4.18,2.03,4.16,-0.10,-0.01
16.33,Stillness,0.000,0.115,6.589,False,-5.01,-4.19,1.89,4.16,-0.10,-0.01
16.36,Stillness,0.000,0.124,6.190,False,-4.88,-4.21,1.71,4.16,-0.09,-0.01
16.39,Stillness,0.000,0.127,4.121,False,-4.80,-4.23,1.57,4.14,-0.09,-0.01
16.44,Stillness,0.000,0.128,3.702,False,-4.57,-4.25,1.43,4.13,-0.08,-0.01
16.47,Stillness,0.000,0.136,4.736,False,-4.63,-4.26,1.40,4.13,-0.07,-0.01
16.50,Stillness,0.000,0.126,5.415,False,-4.74,-4.27,1.32,4.13,-0.07,-0.01
16.53,Stillness,0.000,0.117,5.193,False,-4.81,-4.29,1.64,4.13,-0.08,-0.01
16.56,Drowsy,1.000,0.117,5.050,False,-4.69,-4.31,1.82,4.13,-0.08,-0.01
16.59,Drowsy,1.000,0.113,4.977,False,-5.31,-4.36,2.06,4.13,-0.08,-0.01
16.63,Stillness,0.000,0.122,5.263,False,-5.51,-4.41,2.33,4.13,-0.08,-0.01
16.66,Stillness,0.000,0.121,5.338,False,-5.63,-4.44,2.48,4.11,-0.09,-0.01
16.69,Stillness,0.000,0.129,5.000,False,-5.77,-4.47,2.55,4.10,-0.09,-0.01
16.72,Stillness,0.000,0.135,5.744,False,-5.89,-4.48,2.68,4.10,-0.10,-0.01
16.75,Stillness,0.000,0.129,6.141,False,-6.10,-4.49,2.78,4.10,-0.12,-0.01
16.78,Stillness,0.000,0.121,5.438,False,-6.04,-4.50,2.93,4.09,-0.13,-0.01
16.81,Stillness,0.000,0.133,5.064,False,-6.09,-4.50,3.00,4.08,-0.13,-0.01
16.84,Stillness,0.000,0.122,5.328,False,-6.20,-4.50,3.00,4.08,-0.14,-0.01
16.87,Stillness,0.000,0.123,5.263,False,-6.35,-4.50,3.00,4.08,-0.14,-0.01
16.90,Stillness,0.000,0.137,5.263,False,-6.67,-4.50,3.03,4.08,-0.14,-0.01
16.94,Stillness,0.000,0.125,6.298,False,-6.75,-4.51,3.27,4.07,-0.16,-0.01
16.97,Stillness,0.000,0.136,5.751,False,-6.80,-4.54,3.09,4.07,-0.16,-0.01
17.00,Stillness,0.000,0.127,6.298,False,-7.13,-4.57,3.41,4.06,-0.18,-0.01
17.03,Stillness,0.000,0.137,6.047,False,-7.11,-4.60,3.67,4.06,-0.19,-0.01
17.06,Stillness,0.000,0.126,6.521,False,-7.14,-4.63,3.69,4.05,-0.19,-0.01
17.09,Stillness,0.000,0.136,6.451,False,-7.22,-4.65,3.99,4.05,-0.20,-0.01
17.12,Stillness,0.000,0.131,6.228,False,-7.27,-4.66,4.01,4.05,-0.21,-0.01
17.15,Stillness,0.000,0.127,6.521,False,-7.34,-4.66,3.81,4.05,-0.21,-0.01
17.18,Stillness,0.000,0.129,6.085,False,-7.35,-4.67,3.91,4.05,-0.21,-0.01
17.21,Stillness,0.000,0.139,6.598,False,-7.74,-4.67,4.59,4.05,-0.24,-0.01
17.25,Stillness,0.000,0.134,6.455,False,-7.75,-4.67,4.53,4.05,-0.24,-0.01
17.28,Stillness,0.000,0.128,5.894,False,-7.75,-4.67,4.65,4.05,-0.24,-0.01
17.31,Stillness,0.000,0.143,6.581,False,-7.82,-4.68,4.70,4.05,-0.24,-0.01
17.34,Stillness,0.000,0.128,5.842,False,-7.82,-4.69,4.96,4.06,-0.25,-0.01
17.37,Stillness,0.000,0.131,5.263,False,-7.78,-4.69,4.73,4.06,-0.24,-0.02
17.40,Stillness,0.000,0.133,3.946,False,-7.80,-4.71,4.90,4.07,-0.29,-0.02
17.43,Stillness,0.000,0.144,8.825,False,-7.80,-4.74,4.61,4.07,-0.27,-0.02
17.47,Stillness,0.000,0.134,7.504,False,-7.94,-4.74,4.68,4.08,-0.27,-0.02
17.50,Stillness,0.000,0.141,5.486,False,-8.08,-4.74,4.94,4.08,-0.27,-0.02
17.53,Stillness,0.000,0.143,5.419,False,-8.26,-4.76,5.35,4.08,-0.27,-0.02
17.56,Stillness,0.000,0.130,5.117,False,-8.09,-4.78,5.15,4.08,-0.25,-0.02
17.59,Stillness,0.000,0.132,4.754,False,-8.41,-4.79,5.10,4.09,-0.24,-0.02
17.62,Stillness,0.000,0.132,6.106,False,-8.47,-4.80,5.05,4.10,-0.22,-0.02
17.65,Stillness,0.000,0.140,6.047,False,-8.63,-4.80,5.41,4.10,-0.23,-0.02
17.68,Stillness,0.000,0.140,6.521,False,-8.75,-4.81,5.75,4.10,-0.24,-0.02
17.71,Stillness,0.000,0.149,6.270,False,-8.72,-4.81,5.65,4.11,-0.23,-0.02
17.75,Stillness,0.000,0.132,6.106,False,-8.77,-4.81,5.94,4.13,-0.24,-0.02
17.79,Stillness,0.000,0.134,6.298,False,-9.01,-4.82,6.24,4.13,-0.24,-0.02
17.82,Stillness,0.000,0.135,6.960,False,-9.11,-4.82,6.08,4.13,-0.23,-0.02
17.86,Stillness,0.000,0.141,6.556,False,-9.14,-4.84,6.04,4.13,-0.22,-0.02
17.89,Stillness,0.000,0.130,6.117,False,-9.05,-4.86,6.06,4.13,-0.22,-0.02
17.92,Stillness,0.000,0.138,5.415,False,-9.16,-4.86,6.33,4.13,-0.23,-0.02
17.95,Stillness,0.000,0.141,6.403,False,-9.29,-4.86,6.35,4.13,-0.22,-0.02
17.98,Stillness,0.000,0.143,5.415,False,-9.34,-4.87,6.71,4.14,-0.23,-0.02
18.01,Stillness,0.000,0.134,6.556,False,-9.38,-4.88,6.80,4.16,-0.22,-0.02
18.04,Stillness,0.000,0.134,6.403,False,-9.44,-4.88,6.63,4.16,-0.21,-0.02
18.07,Stillness,0.000,0.140,6.451,False,-9.51,-4.89,6.59,4.16,-0.21,-0.02
18.10,Stillness,0.000,0.142,6.117,False,-9.61,-4.90,6.69,4.16,-0.20,-0.02
18.14,Stillness,0.000,0.151,5.894,False,-9.55,-4.92,6.60,4.17,-0.20,-0.02
18.17,Stillness,0.000,0.135,5.193,False,-9.81,-4.92,6.89,4.17,-0.20,-0.02
18.20,Stillness,0.000,0.139,5.438,False,-9.67,-4.92,6.72,4.17,-0.19,-0.02
18.23,Stillness,0.000,0.140,6.047,False,-9.76,-4.92,6.67,4.18,-0.18,-0.02
18.26,Stillness,0.000,0.125,4.977,False,-9.82,-4.93,6.73,4.18,-0.18,-0.02
18.29,Stillness,0.000,0.144,4.977,False,-9.92,-4.93,6.59,4.18,-0.18,-0.02
18.32,Stillness,0.000,0.139,5.004,False,-9.78,-4.93,6.19,4.18,-0.16,-0.02
18.35,Stillness,0.000,0.143,5.597,False,-9.71,-4.94,6.18,4.19,-0.16,-0.02
18.38,Stillness,0.000,0.141,5.263,False,-9.72,-4.95,6.16,4.20,-0.16,-0.02
18.41,Stillness,0.000,0.158,4.890,False,-9.69,-4.96,6.59,4.20,-0.17,-0.02
18.45,Stillness,0.000,0.144,5.438,False,-9.64,-4.98,6.29,4.20,-0.16,-0.02
18.48,Stillness,0.000,0.146,5.772,False,-9.68,-4.98,6.15,4.20,-0.15,-0.02
18.51,Stillness,0.000,0.144,5.438,False,-9.72,-4.99,6.13,4.20,-0.15,-0.02
18.54,Stillness,0.000,0.144,5.064,False,-9.75,-5.00,6.34,4.20,-0.16,-0.02
18.57,Stillness,0.000,0.147,5.590,False,-9.75,-5.01,6.15,4.20,-0.15,-0.02
18.60,Stillness,0.000,0.144,5.438,False,-9.73,-5.02,6.43,4.21,-0.15,-0.02
18.63,Stillness,0.000,0.139,5.064,False,-9.68,-5.02,6.18,4.21,-0.14,-0.02
18.66,Stillness,0.000,0.138,5.894,False,-9.79,-5.02,6.08,4.21,-0.14,-0.02
18.70,Stillness,0.000,0.131,5.152,False,-9.80,-5.02,5.90,4.21,-0.13,-0.02
18.73,Stillness,0.000,0.136,4.497,False,-9.76,-5.03,5.84,4.22,-0.13,-0.02
18.76,Stillness,0.000,0.133,5.263,False,-10.02,-5.05,6.11,4.22,-0.13,-0.02
18.79,Stillness,0.000,0.134,5.416,False,-9.89,-5.06,5.79,4.24,-0.12,-0.02
18.82,Stillness,0.000,0.138,5.354,False,-9.90,-5.06,5.70,4.25,-0.11,-0.02
18.85,Stillness,0.000,0.139,5.106,False,-9.78,-5.08,5.46,4.26,-0.11,-0.02
18.88,Stillness,0.000,0.138,4.915,False,-9.74,-5.09,5.17,4.26,-0.10,-0.02
18.92,Stillness,0.000,0.142,4.977,False,-9.65,-5.11,5.03,4.27,-0.10,-0.02
18.95,Stillness,0.000,0.142,4.783,False,-9.66,-5.13,4.96,4.28,-0.09,-0.02
18.98,Stillness,0.000,0.139,4.854,False,-9.81,-5.14,4.99,4.29,-0.09,-0.02
19.01,Stillness,0.000,0.131,5.202,False,-9.67,-5.14,4.72,4.29,-0.08,-0.02
19.04,Stillness,0.000,0.145,4.977,False,-9.64,-5.16,4.44,4.29,-0.08,-0.02
19.07,Stillness,0.000,0.129,5.263,False,-9.78,-5.18,4.19,4.29,-0.07,-0.02
19.10,Stillness,0.000,0.134,5.606,False,-9.66,-5.18,4.01,4.29,-0.06,-0.02
19.16,Stillness,0.000,0.144,4.977,False,-9.58,-5.18,3.60,4.28,-0.05,-0.02
19.20,Stillness,0.000,0.146,5.606,False,-9.45,-5.21,3.35,4.27,-0.05,-0.02
19.23,Stillness,0.000,0.135,5.263,False,-9.63,-5.24,3.08,4.26,-0.04,-0.02
19.26,Stillness,0.000,0.140,5.263,False,-9.43,-5.24,2.43,4.26,-0.04,-0.02
19.29,Stillness,0.000,0.135,5.263,False,-9.37,-5.24,2.12,4.25,-0.03,-0.02
19.32,Stillness,0.000,0.140,5.263,False,-9.45,-5.25,1.58,4.24,-0.02,-0.02
19.35,Stillness,0.000,0.135,4.977,False,-9.38,-5.25,1.17,4.22,-0.02,-0.02
19.38,Stillness,0.000,0.139,4.935,False,-9.37,-5.26,0.83,4.22,-0.01,-0.02
19.41,Stillness,0.000,0.147,5.590,False,-9.33,-5.26,0.49,4.21,-0.01,-0.02
19.45,Stillness,0.000,0.140,5.438,False,-9.22,-5.28,0.49,4.21,-0.01,-0.02
19.48,Stillness,0.000,0.145,5.036,False,-9.21,-5.29,0.28,4.21,-0.01,-0.02
19.51,Stillness,0.000,0.142,3.914,False,-9.13,-5.29,-0.01,4.21,-0.01,-0.02
19.54,Stillness,0.000,0.132,6.720,False,-9.08,-5.29,-0.19,4.20,-0.01,-0.02
19.57,Stillness,0.000,0.137,4.280,False,-9.04,-5.30,-0.56,4.20,0.00,-0.02
19.60,Stillness,0.000,0.135,5.853,False,-9.16,-5.31,-0.67,4.20,0.00,-0.02
19.63,Stillness,0.000,0.147,3.915,False,-9.18,-5.34,-1.11,4.20,0.01,-0.02
19.66,Stillness,0.000,0.142,3.193,False,-9.37,-5.38,-1.28,4.20,0.01,-0.02
19.69,Stillness,0.000,0.145,3.915,False,-9.34,-5.41,-1.53,4.20,0.01,-0.02
19.72,Stillness,0.000,0.142,5.004,False,-9.37,-5.45,-1.58,4.20,0.01,-0.02
19.75,Stillness,0.000,0.138,5.064,False,-9.20,-5.47,-1.73,4.19,0.01,-0.02
19.79,Drowsy,1.000,0.138,5.702,False,-9.26,-5.48,-1.75,4.19,0.01,-0.02
19.82,Drowsy,1.000,0.146,6.364,False,-9.26,-5.48,-1.83,4.19,0.01,-0.02
19.85,Drowsy,1.000,0.144,5.842,False,-9.14,-5.48,-2.04,4.18,0.02,-0.02
19.88,Stillness,0.000,0.136,5.702,False,-9.18,-5.49,-2.00,4.18,0.01,-0.02
19.91,Stillness,0.000,0.143,5.415,False,-9.07,-5.49,-1.98,4.18,0.01,-0.02
19.94,Stillness,0.000,0.148,5.894,False,-9.02,-5.50,-2.19,4.18,0.01,-0.02
19.97,Stillness,0.000,0.136,5.415,False,-9.04,-5.50,-2.31,4.17,0.01,-0.02
20.00,Stillness,0.000,0.137,5.415,False,-9.09,-5.51,-2.74,4.17,0.02,-0.02
20.03,Stillness,0.000,0.136,5.894,False,-9.49,-5.51,-3.03,4.17,0.02,-0.02
20.06,Stillness,0.000,0.148,5.000,False,-9.32,-5.51,-2.82,4.16,0.02,-0.02
20.09,Stillness,0.000,0.147,5.415,False,-9.60,-5.51,-3.05,4.16,0.02,-0.02
20.13,Stillness,0.000,0.136,5.415,False,-9.57,-5.54,-2.86,4.16,0.02,-0.02
20.16,Stillness,0.000,0.145,5.657,False,-9.82,-5.56,-2.96,4.16,0.02,-0.02
20.19,Stillness,0.000,0.151,5.744,False,-9.61,-5.57,-3.02,4.14,0.01,-0.02
20.22,Stillness,0.000,0.148,6.030,False,-9.93,-5.57,-3.05,4.13,0.01,-0.02
20.25,Stillness,0.000,0.156,5.438,False,-9.92,-5.57,-2.73,4.13,0.01,-0.02
20.28,Stillness,0.000,0.141,6.141,False,-10.28,-5.58,-2.46,4.13,0.01,-0.02
20.31,Stillness,0.000,0.134,5.004,False,-10.21,-5.59,-2.17,4.13,0.01,-0.02
20.34,Stillness,0.000,0.151,5.064,False,-10.27,-5.60,-1.68,4.13,0.00,-0.02
20.38,Stillness,0.000,0.135,5.037,False,-10.32,-5.62,-1.58,4.13,0.01,-0.02
20.41,Stillness,0.000,0.136,5.004,False,-10.11,-5.63,-1.33,4.13,0.00,-0.02
20.44,Stillness,0.000,0.135,4.736,False,-10.08,-5.64,-1.05,4.11,0.00,-0.02
20.47,Stillness,0.000,0.128,4.631,False,-10.20,-5.65,-0.69,4.10,-0.00,-0.02
20.52,Stillness,0.000,0.143,4.718,False,-10.03,-5.67,-0.65,4.10,0.00,-0.02
20.55,Stillness,0.000,0.122,4.621,False,-9.98,-5.70,-0.34,4.10,0.00,-0.02
20.58,Stillness,0.000,0.134,4.243,False,-10.05,-5.70,-0.42,4.09,0.00,-0.02
20.61,Stillness,0.000,0.126,3.536,False,-10.01,-5.71,-0.38,4.08,0.00,-0.02
20.64,Stillness,0.000,0.139,3.864,False,-9.83,-5.74,-0.46,4.08,0.01,-0.02
20.67,Stillness,0.000,0.139,3.354,False,-9.46,-5.77,-0.25,4.08,0.01,-0.02
20.70,Stillness,0.000,0.131,4.500,False,-9.45,-5.81,-0.02,4.08,0.01,-0.02
20.73,Stillness,0.000,0.142,4.786,False,-9.72,-5.86,-0.02,4.07,0.01,-0.02
20.76,Stillness,0.000,0.138,2.081,False,-9.60,-5.87,0.06,4.07,0.01,-0.02
20.81,Stillness,0.000,0.147,3.000,False,-9.41,-5.87,0.43,4.06,0.00,-0.02
20.84,Stillness,0.000,0.134,4.081,False,-9.55,-5.88,0.25,4.06,0.00,-0.02
20.87,Stillness,0.000,0.140,4.330,False,-9.55,-5.89,0.33,4.05,0.00,-0.02
20.90,Stillness,0.000,0.127,4.497,False,-9.35,-5.89,0.60,4.05,0.00,-0.02
20.93,Stillness,0.000,0.138,4.497,False,-9.38,-5.90,0.59,4.05,0.00,-0.02
20.97,Stillness,0.000,0.120,5.037,False,-9.68,-5.93,0.44,4.05,0.00,-0.02
21.00,Stillness,0.000,0.130,3.924,False,-9.25,-5.97,0.52,4.05,0.00,-0.02
21.03,Stillness,0.000,0.112,4.631,False,-9.64,-5.97,0.56,4.04,0.00,-0.02
21.06,Stillness,0.000,0.126,3.946,False,-9.23,-5.98,0.66,4.04,-0.00,-0.02
21.09,Stillness,0.000,0.125,4.000,False,-9.80,-5.98,0.47,4.04,0.01,-0.02
21.12,Stillness,0.000,0.123,3.702,False,-9.55,-5.98,0.79,4.03,-0.00,-0.02
21.15,Stillness,0.000,0.133,3.618,False,-9.64,-6.00,0.66,4.03,0.00,-0.02
21.19,Stillness,0.000,0.129,3.384,False,-9.37,-6.02,0.82,4.03,-0.00,-0.02
21.22,Stillness,0.000,0.132,3.621,False,-9.93,-6.02,0.37,4.02,0.01,-0.02
21.25,Stillness,0.000,0.121,4.081,False,-9.55,-6.02,0.80,4.02,-0.00,-0.02
21.28,Stillness,0.000,0.134,3.702,False,-9.94,-6.02,0.29,4.02,0.01,-0.02
21.31,Stillness,0.000,0.131,3.500,False,-10.03,-6.03,0.26,4.02,0.01,-0.02
21.34,Stillness,0.000,0.130,3.702,False,-10.11,-6.03,0.11,4.02,0.01,-0.01
21.37,Stillness,0.000,0.141,4.081,False,-10.27,-6.03,-0.13,4.01,0.01,-0.01
21.40,Stillness,0.000,0.120,4.183,False,-10.26,-6.04,-0.11,4.01,0.01,-0.01
21.44,Stillness,0.000,0.140,4.357,False,-10.30,-6.04,-0.12,4.01,0.01,-0.01
21.47,Stillness,0.000,0.135,4.357,False,-10.22,-6.05,-0.26,4.01,0.01,-0.01
21.50,Stillness,0.000,0.120,3.239,False,-10.46,-6.05,-0.43,4.01,0.01,-0.01
21.53,Stillness,0.000,0.123,3.702,False,-10.35,-6.07,-0.36,4.01,0.01,-0.01
21.56,Stillness,0.000,0.123,3.621,False,-10.58,-6.09,-0.53,4.01,0.01,-0.01
21.59,Stillness,0.000,0.128,4.357,False,-10.46,-6.10,-0.60,4.00,0.01,-0.01
21.62,Stillness,0.000,0.131,4.472,False,-10.61,-6.10,-0.79,4.00,0.01,-0.01
21.65,Stillness,0.000,0.144,4.472,False,-10.53,-6.12,-0.81,4.00,0.01,-0.01
21.68,Stillness,0.000,0.133,3.384,False,-10.69,-6.14,-0.95,3.99,0.01,-0.01
21.72,Stillness,0.000,0.129,3.384,False,-10.70,-6.16,-0.97,3.97,0.01,-0.01
21.75,Stillness,0.000,0.125,3.702,False,-10.63,-6.17,-0.89,3.96,0.01,-0.01
21.78,Stillness,0.000,0.143,3.817,False,-10.68,-6.18,-1.28,3.95,0.01,-0.01
21.81,Stillness,0.000,0.150,4.472,False,-10.82,-6.18,-1.46,3.94,0.01,-0.01
21.84,Stillness,0.000,0.144,5.242,False,-10.77,-6.19,-1.64,3.94,0.01,-0.01
21.89,Stillness,0.000,0.131,4.929,False,-10.74,-6.20,-1.81,3.94,0.00,-0.01
21.92,Stillness,0.000,0.151,4.039,False,-10.47,-6.21,-2.19,3.94,0.00,-0.01
21.95,Stillness,0.000,0.144,4.298,False,-10.15,-6.23,-2.38,3.93,0.00,-0.01
21.98,Stillness,0.000,0.145,3.643,False,-9.84,-6.27,-2.56,3.93,-0.00,-0.01
22.01,Stillness,0.000,0.142,4.298,False,-9.72,-6.31,-2.57,3.93,-0.00,-0.01
22.04,Stillness,0.000,0.151,4.123,False,-9.28,-6.33,-2.37,3.93,-0.00,-0.01
22.07,Stillness,0.000,0.151,4.472,False,-9.38,-6.35,-2.34,3.93,-0.00,-0.01
22.10,Stillness,0.000,0.146,3.643,False,-9.06,-6.37,-2.04,3.92,0.00,-0.01
22.14,Stillness,0.000,0.147,3.562,False,-8.97,-6.39,-2.60,3.91,0.00,-0.01
22.17,Stillness,0.000,0.141,6.503,False,-9.06,-6.41,-2.53,3.91,0.00,-0.01
22.20,Stillness,0.000,0.142,7.083,False,-8.42,-6.43,-2.50,3.91,0.01,-0.01
22.23,Stillness,0.000,0.135,5.720,False,-8.60,-6.43,-2.67,3.91,0.01,-0.01
22.26,Stillness,0.000,0.137,5.424,False,-7.82,-6.43,-2.35,3.91,0.01,-0.01
22.29,Stillness,0.000,0.157,4.352,False,-7.42,-6.44,-2.26,3.90,0.02,-0.01
22.32,Stillness,0.000,0.142,4.183,False,-7.01,-6.44,-2.19,3.89,0.02,-0.01
22.35,Stillness,0.000,0.145,3.864,False,-6.83,-6.45,-1.93,3.89,0.03,-0.01
22.39,Stillness,0.000,0.150,4.039,False,-6.91,-6.46,-1.89,3.88,0.03,-0.01
22.42,Stillness,0.000,0.146,4.495,False,-6.42,-6.45,-1.91,3.88,0.04,-0.01
22.45,Stillness,0.000,0.144,3.817,False,-7.04,-6.46,-2.58,3.88,0.02,-0.01
22.48,Stillness,0.000,0.148,3.817,False,-6.59,-6.48,-2.35,3.86,0.03,-0.01
22.51,Stillness,0.000,0.138,4.081,False,-7.04,-6.50,-2.59,3.84,0.02,-0.01
22.54,Stillness,0.000,0.145,5.117,False,-7.45,-6.51,-3.11,3.84,0.01,-0.01
22.57,Stillness,0.000,0.136,5.438,False,-7.95,-6.53,-3.74,3.84,-0.01,-0.01
22.60,Stillness,0.000,0.144,5.263,False,-8.08,-6.56,-3.89,3.83,-0.01,-0.01
22.63,Stillness,0.000,0.136,5.438,False,-8.18,-6.58,-3.82,3.83,-0.02,-0.01
22.67,Stillness,0.000,0.141,5.378,False,-8.31,-6.58,-3.92,3.82,-0.02,-0.01
22.70,Stillness,0.000,0.155,5.597,False,-8.16,-6.58,-3.83,3.81,-0.02,-0.01
22.73,Stillness,0.000,0.137,4.562,False,-8.09,-6.58,-3.89,3.80,-0.02,-0.01
22.76,Stillness,0.000,0.144,4.736,False,-8.03,-6.59,-3.76,3.79,-0.02,-0.01
22.79,Stillness,0.000,0.146,3.915,False,-8.57,-6.62,-3.57,3.79,-0.02,-0.01
22.82,Stillness,0.000,0.146,5.445,False,-8.45,-6.65,-3.51,3.79,-0.02,-0.01
22.85,Stillness,0.000,0.145,6.339,False,-8.53,-6.66,-3.33,3.78,-0.02,-0.01
22.88,Stillness,0.000,0.145,5.419,False,-8.72,-6.67,-3.17,3.78,-0.02,-0.01
22.92,Stillness,0.000,0.143,5.338,False,-8.55,-6.67,-3.01,3.77,-0.02,-0.01
22.95,Stillness,0.000,0.132,3.817,False,-8.16,-6.67,-2.89,3.75,-0.02,-0.01
22.98,Stillness,0.000,0.140,3.384,False,-8.16,-6.68,-2.86,3.75,-0.02,-0.01
23.01,Stillness,0.000,0.140,4.303,False,-8.20,-6.68,-2.70,3.75,-0.02,-0.01
23.04,Stillness,0.000,0.133,4.562,False,-7.71,-6.71,-2.68,3.74,-0.01,-0.01
23.07,Drowsy,1.000,0.132,4.736,False,-7.66,-6.75,-2.49,3.74,-0.01,-0.01
23.10,Drowsy,1.000,0.132,4.736,False,-7.50,-6.75,-2.36,3.73,-0.01,-0.01
23.13,Stillness,0.000,0.130,4.814,False,-7.72,-6.75,-2.15,3.72,-0.01,-0.01
23.17,Stillness,0.000,0.125,5.037,False,-7.71,-6.76,-1.99,3.72,-0.01,-0.01
23.20,Stillness,0.000,0.127,4.303,False,-7.55,-6.76,-1.82,3.72,-0.01,-0.01
23.24,Stillness,0.000,0.130,4.736,False,-7.78,-6.77,-1.81,3.72,-0.01,-0.01
23.27,Stillness,0.000,0.131,4.039,False,-7.78,-6.78,-1.67,3.72,-0.01,-0.01
23.30,Stillness,0.000,0.127,5.000,False,-7.78,-6.79,-1.60,3.71,-0.00,-0.01
23.34,Stillness,0.000,0.139,4.357,False,-7.94,-6.80,-1.50,3.71,-0.00,-0.01
23.37,Stillness,0.000,0.129,4.736,False,-8.07,-6.82,-1.44,3.70,-0.00,-0.01
23.40,Stillness,0.000,0.129,4.357,False,-8.01,-6.83,-1.42,3.70,-0.00,-0.01
23.43,Stillness,0.000,0.127,4.039,False,-7.92,-6.84,-1.44,3.70,-0.00,-0.01
23.46,Stillness,0.000,0.133,3.864,False,-7.81,-6.84,-1.36,3.69,-0.00,-0.01
23.49,Stillness,0.000,0.133,4.736,False,-7.89,-6.84,-1.22,3.69,0.00,-0.01
23.52,Stillness,0.000,0.130,3.239,False,-8.05,-6.85,-1.22,3.69,0.00,-0.01
23.55,Stillness,0.000,0.125,6.393,False,-7.74,-6.86,-1.27,3.69,0.00,-0.01
23.59,Stillness,0.000,0.124,6.972,False,-8.17,-6.87,-1.00,3.69,0.00,-0.01
23.61,Stillness,0.000,0.125,5.157,False,-7.92,-6.89,-1.09,3.69,0.00,-0.01
23.65,Stillness,0.000,0.126,3.536,False,-8.11,-6.90,-0.95,3.69,0.01,-0.01
23.68,Stillness,0.000,0.129,3.414,False,-7.98,-6.91,-1.01,3.68,0.01,-0.01
23.71,Stillness,0.000,0.130,3.303,False,-7.87,-6.91,-0.95,3.68,0.01,-0.01
23.74,Stillness,0.000,0.135,3.924,False,-7.88,-6.92,-0.93,3.68,0.01,-0.01
23.77,Stillness,0.000,0.123,4.303,False,-7.93,-6.93,-0.97,3.68,0.01,-0.01
23.80,Drowsy,1.000,0.133,4.621,False,-8.03,-6.94,-1.03,3.68,0.01,-0.01
23.83,Drowsy,1.000,0.121,4.621,False,-7.93,-6.95,-0.97,3.67,0.01,-0.01
23.86,Drowsy,1.000,0.126,4.621,False,-7.81,-6.98,-0.94,3.67,0.00,-0.01
23.90,Stillness,0.000,0.130,5.000,False,-7.85,-7.01,-0.90,3.67,0.00,-0.01
23.93,Stillness,0.000,0.127,5.064,False,-7.91,-7.02,-0.92,3.67,0.00,-0.01
23.96,Stillness,0.000,0.126,5.415,False,-7.99,-7.03,-0.92,3.67,0.01,-0.01
23.99,Stillness,0.000,0.131,5.064,False,-8.04,-7.03,-0.90,3.67,0.01,-0.01
24.02,Stillness,0.000,0.136,5.438,False,-8.07,-7.04,-0.87,3.66,0.01,-0.01
24.05,Stillness,0.000,0.126,5.064,False,-8.08,-7.04,-0.86,3.66,0.01,-0.01
24.08,Stillness,0.000,0.124,5.438,False,-8.13,-7.04,-0.84,3.66,0.01,-0.01
24.12,Stillness,0.000,0.125,5.438,False,-8.15,-7.05,-0.86,3.64,0.01,-0.01
24.15,Stillness,0.000,0.137,3.924,False,-8.18,-7.05,-0.93,3.62,0.01,-0.01
24.18,Stillness,0.000,0.124,5.064,False,-8.23,-7.06,-0.83,3.61,0.01,-0.01
24.21,Stillness,0.000,0.126,4.039,False,-8.22,-7.06,-0.73,3.60,0.01,-0.01
24.24,Stillness,0.000,0.126,4.736,False,-8.16,-7.06,-0.68,3.58,0.01,-0.01
24.27,Stillness,0.000,0.118,4.357,False,-8.20,-7.07,-0.61,3.55,0.01,-0.01
24.30,Stillness,0.000,0.128,4.736,False,-8.21,-7.09,-0.56,3.53,0.01,-0.01
24.33,Stillness,0.000,0.137,4.890,False,-8.11,-7.11,-0.56,3.52,0.01,-0.01
24.36,Stillness,0.000,0.138,4.303,False,-8.26,-7.11,-0.50,3.51,0.01,-0.01
24.40,Stillness,0.000,0.136,4.736,False,-8.29,-7.11,-0.46,3.50,0.01,-0.01
24.43,Stillness,0.000,0.126,4.303,False,-8.25,-7.12,-0.51,3.50,0.01,-0.01
24.46,Stillness,0.000,0.117,4.890,False,-8.33,-7.13,-0.47,3.49,0.01,-0.01
24.49,Stillness,0.000,0.135,4.890,False,-8.36,-7.13,-0.46,3.48,0.01,-0.01
24.52,Stillness,0.000,0.132,4.783,False,-8.35,-7.14,-0.45,3.47,0.01,-0.01
24.55,Stillness,0.000,0.136,5.064,False,-8.23,-7.14,-0.41,3.46,0.01,-0.01
24.60,Stillness,0.000,0.131,4.081,False,-8.36,-7.15,-0.39,3.45,0.01,-0.01
24.63,Stillness,0.000,0.129,3.702,False,-8.51,-7.15,-0.30,3.45,0.01,-0.01
24.66,Stillness,0.000,0.126,4.081,False,-8.42,-7.16,-0.32,3.45,0.01,-0.01
24.70,Stillness,0.000,0.128,4.183,False,-8.49,-7.19,-0.27,3.44,0.01,-0.01
24.72,Stillness,0.000,0.129,4.081,False,-8.49,-7.21,-0.13,3.43,0.01,-0.01
24.76,Stillness,0.000,0.126,4.562,False,-8.53,-7.21,-0.11,3.42,0.01,-0.01
24.79,Stillness,0.000,0.124,4.410,False,-8.45,-7.22,-0.07,3.41,0.01,-0.01
24.82,Stillness,0.000,0.138,4.183,False,-8.51,-7.22,-0.14,3.41,0.02,-0.01
24.85,Stillness,0.000,0.126,4.081,False,-8.33,-7.22,-0.05,3.41,0.02,-0.01
24.88,Stillness,0.000,0.129,4.621,False,-8.42,-7.24,0.10,3.40,0.02,-0.01
24.92,Stillness,0.000,0.134,8.080,False,-8.50,-7.27,0.09,3.40,0.02,-0.01
24.95,Stillness,0.000,0.139,6.468,False,-8.47,-7.27,0.14,3.38,0.02,-0.01
24.98,Stillness,0.000,0.127,5.842,False,-8.42,-7.27,0.26,3.37,0.02,-0.01
25.01,Stillness,0.000,0.124,3.964,False,-8.49,-7.27,0.20,3.36,0.02,-0.01
25.04,Stillness,0.000,0.134,3.864,False,-8.40,-7.28,0.23,3.36,0.02,-0.01
25.07,Stillness,0.000,0.120,3.606,False,-8.29,-7.29,0.30,3.36,0.02,-0.01
25.10,Stillness,0.000,0.123,4.121,False,-8.29,-7.30,0.44,3.35,0.03,-0.01
25.13,Stillness,0.000,0.119,3.702,False,-8.42,-7.30,0.46,3.31,0.03,-0.01
25.16,Stillness,0.000,0.134,4.410,False,-8.23,-7.30,0.52,3.27,0.03,-0.01
25.19,Drowsy,1.000,0.134,4.081,False,-7.96,-7.30,0.52,3.26,0.03,-0.01
25.22,Stillness,0.000,0.124,4.081,False,-7.94,-7.30,0.65,3.25,0.03,-0.01
25.26,Stillness,0.000,0.139,3.924,False,-8.10,-7.30,0.71,3.23,0.03,-0.01
25.29,Stillness,0.000,0.133,3.702,False,-7.81,-7.30,0.66,3.22,0.03,-0.01
25.32,Stillness,0.000,0.122,3.924,False,-7.78,-7.31,0.65,3.22,0.03,-0.01
25.35,Stillness,0.000,0.135,4.081,False,-7.55,-7.31,0.63,3.21,0.03,-0.01
25.38,Stillness,0.000,0.134,4.410,False,-7.70,-7.31,0.77,3.21,0.04,-0.01
25.41,Stillness,0.000,0.134,4.081,False,-7.69,-7.31,0.73,3.21,0.03,-0.01
25.44,Stillness,0.000,0.134,4.410,False,-7.68,-7.31,0.73,3.20,0.03,-0.01
25.47,Stillness,0.000,0.137,4.736,False,-7.53,-7.31,0.67,3.19,0.03,-0.01
25.51,Stillness,0.000,0.124,4.890,False,-7.28,-7.31,0.62,3.18,0.03,-0.01
25.54,Stillness,0.000,0.114,4.303,False,-7.38,-7.31,0.59,3.16,0.03,-0.01
25.57,Stillness,0.000,0.129,4.410,False,-7.33,-7.32,0.58,3.15,0.03,-0.01
25.60,Stillness,0.000,0.136,4.631,False,-7.32,-7.32,0.61,3.14,0.03,-0.01
25.63,Stillness,0.000,0.121,5.004,False,-7.20,-7.32,0.62,3.14,0.03,-0.01
25.66,Stillness,0.000,0.120,4.081,False,-7.09,-7.31,0.55,3.14,0.03,-0.01
25.69,Stillness,0.000,0.132,4.243,False,-7.22,-7.31,0.56,3.12,0.03,-0.01
25.72,Stillness,0.000,0.125,4.303,False,-7.12,-7.31,0.45,3.09,0.03,-0.01
25.76,Stillness,0.000,0.132,4.243,False,-7.09,-7.31,0.46,3.09,0.03,-0.01
25.79,Stillness,0.000,0.131,4.631,False,-7.12,-7.31,0.35,3.09,0.03,-0.01
25.82,Stillness,0.000,0.122,5.004,False,-7.01,-7.31,0.30,3.08,0.03,-0.01
25.85,Stillness,0.000,0.122,5.004,False,-6.91,-7.30,0.28,3.08,0.03,-0.01
25.88,Stillness,0.000,0.123,5.708,False,-6.71,-7.30,0.02,3.07,0.02,-0.01
25.91,Stillness,0.000,0.126,6.106,False,-6.47,-7.30,-0.11,3.06,0.02,-0.01
25.94,Stillness,0.000,0.116,6.106,False,-6.37,-7.30,-0.23,3.05,0.02,-0.01
25.97,Stillness,0.000,0.123,5.408,False,-6.50,-7.30,-0.22,3.04,0.02,-0.01
26.00,Stillness,0.000,0.121,5.702,False,-6.49,-7.30,-0.24,3.04,0.02,-0.01
26.03,Stillness,0.000,0.114,6.106,False,-6.31,-7.30,-0.31,3.03,0.01,-0.01
26.06,Stillness,0.000,0.122,6.026,False,-6.07,-7.29,-0.60,3.02,0.01,-0.01
26.10,Stillness,0.000,0.130,6.026,False,-5.97,-7.28,-0.82,3.01,0.01,-0.01
26.13,Stillness,0.000,0.130,4.631,False,-5.82,-7.28,-1.26,3.00,0.00,-0.01
26.16,Stillness,0.000,0.130,4.783,False,-5.54,-7.28,-1.68,3.00,0.00,-0.01
26.19,Stillness,0.000,0.125,4.039,False,-5.35,-7.27,-1.96,3.00,-0.00,-0.01
26.22,Stillness,0.000,0.121,6.140,False,-5.47,-7.27,-2.44,3.00,-0.00,-0.01
26.25,Stillness,0.000,0.129,5.157,False,-5.43,-7.27,-3.00,3.00,-0.00,-0.01
26.28,Stillness,0.000,0.131,3.643,False,-5.03,-7.27,-3.30,3.00,-0.01,-0.01
26.31,Stillness,0.000,0.139,4.243,False,-4.80,-7.24,-3.77,2.97,-0.01,-0.01
26.35,Stillness,0.000,0.142,5.193,False,-4.24,-7.22,-4.25,2.95,-0.01,-0.01
26.38,Stillness,0.000,0.123,5.486,False,-4.01,-7.22,-4.69,2.94,-0.00,-0.01
26.42,Stillness,0.000,0.149,5.004,False,-3.73,-7.22,-4.90,2.93,-0.00,-0.01
26.45,Stillness,0.000,0.149,5.323,False,-3.25,-7.22,-5.18,2.92,0.00,-0.01
26.48,Drowsy,1.000,0.140,5.408,False,-2.85,-7.22,-5.60,2.90,0.01,-0.01
26.51,Drowsy,1.000,0.140,6.422,False,-2.14,-7.21,-6.06,2.90,0.02,-0.01
26.55,Drowsy,1.000,0.141,5.187,False,-1.66,-7.21,-6.57,2.90,0.03,-0.01
26.58,Drowsy,1.000,0.144,6.972,False,-0.91,-7.21,-7.01,2.90,0.05,-0.01
26.61,Drowsy,1.000,0.142,6.152,False,-0.58,-7.20,-7.22,2.89,0.07,-0.01
26.64,Drowsy,1.000,0.140,5.929,False,-0.12,-7.18,-7.59,2.85,0.09,-0.01
26.67,Drowsy,1.000,0.146,5.157,False,0.28,-7.16,-7.75,2.81,0.11,-0.01
26.70,Drowsy,1.000,0.146,5.834,False,0.37,-7.15,-7.81,2.80,0.13,-0.01
26.74,Stillness,0.000,0.140,6.972,False,0.85,-7.15,-7.84,2.79,0.15,-0.01
26.77,Stillness,0.000,0.148,6.267,False,1.02,-7.14,-7.86,2.78,0.15,-0.01
26.80,Stillness,0.000,0.150,6.531,False,1.01,-7.14,-7.75,2.78,0.16,-0.01
26.83,Stillness,0.000,0.140,6.152,False,1.18,-7.13,-7.87,2.78,0.17,-0.01
26.86,Stillness,0.000,0.138,6.152,False,0.95,-7.13,-7.87,2.78,0.16,-0.01
26.89,Stillness,0.000,0.140,5.834,False,0.83,-7.13,-7.79,2.74,0.16,-0.01
26.92,Stillness,0.000,0.161,6.531,False,0.71,-7.12,-7.72,2.70,0.16,-0.01
26.95,Stillness,0.000,0.140,6.593,False,0.53,-7.12,-7.57,2.70,0.15,-0.01
26.98,Stillness,0.000,0.140,5.715,False,0.25,-7.12,-7.47,2.70,0.15,-0.01
27.02,Stillness,0.000,0.141,5.715,False,-0.06,-7.11,-7.47,2.69,0.14,-0.01
27.05,Stillness,0.000,0.140,5.886,False,-0.18,-7.11,-7.30,2.68,0.13,-0.01
27.08,Stillness,0.000,0.139,6.152,False,-0.49,-7.11,-7.25,2.67,0.12,-0.01
27.11,Stillness,0.000,0.148,5.834,False,-0.66,-7.11,-7.17,2.66,0.11,-0.01
27.14,Stillness,0.000,0.147,5.020,False,-0.72,-7.10,-6.95,2.64,0.11,-0.01
27.17,Stillness,0.000,0.147,5.319,False,-1.16,-7.09,-7.12,2.63,0.10,-0.01
27.20,Stillness,0.000,0.146,5.419,False,-1.57,-7.09,-7.34,2.61,0.09,-0.01
27.23,Stillness,0.000,0.144,6.104,False,-1.96,-7.09,-7.52,2.60,0.07,-0.01
27.27,Stillness,0.000,0.156,5.715,False,-2.23,-7.08,-7.35,2.57,0.06,-0.01
27.30,Stillness,0.000,0.144,6.520,False,-2.54,-7.07,-7.50,2.55,0.05,-0.01
27.34,Stillness,0.000,0.147,6.267,False,-2.75,-7.06,-7.51,2.54,0.05,-0.01
27.38,Stillness,0.000,0.144,5.715,False,-2.79,-7.06,-7.49,2.53,0.04,-0.01
27.41,Stillness,0.000,0.144,6.152,False,-3.01,-7.06,-7.76,2.51,0.04,-0.01
27.44,Stillness,0.000,0.155,5.834,False,-3.16,-7.05,-7.94,2.48,0.03,-0.01
27.47,Stillness,0.000,0.145,6.152,False,-3.21,-7.05,-7.94,2.48,0.03,-0.01
27.50,Stillness,0.000,0.147,6.727,False,-3.56,-7.04,-8.26,2.48,0.02,-0.01
27.53,Stillness,0.000,0.147,6.838,False,-3.88,-7.04,-8.46,2.45,0.02,-0.01
27.56,Stillness,0.000,0.143,6.593,False,-3.92,-7.04,-8.43,2.43,0.02,-0.01
27.60,Stillness,0.000,0.144,7.217,False,-4.09,-7.03,-8.67,2.43,0.02,-0.01
27.63,Stillness,0.000,0.152,6.708,False,-4.26,-7.03,-8.59,2.43,0.02,-0.01
27.66,Stillness,0.000,0.152,6.267,False,-4.35,-7.02,-8.52,2.43,0.02,-0.01
27.69,Stillness,0.000,0.144,6.708,False,-4.52,-7.01,-8.62,2.43,0.02,-0.01
27.72,Stillness,0.000,0.151,6.801,False,-4.66,-7.01,-8.70,2.38,0.02,-0.01
27.75,Stillness,0.000,0.151,7.000,False,-4.77,-7.01,-8.68,2.33,0.02,-0.01
27.78,Stillness,0.000,0.144,6.979,False,-5.13,-6.98,-8.67,2.32,0.02,-0.01
27.81,Stillness,0.000,0.155,7.077,False,-5.30,-6.95,-8.52,2.31,0.02,-0.01
27.84,Stillness,0.000,0.145,7.146,False,-5.25,-6.94,-8.65,2.30,0.02,-0.01
27.88,Stillness,0.000,0.132,4.039,False,-5.25,-6.93,-8.57,2.29,0.02,-0.01
27.91,Stillness,0.000,0.141,6.531,False,-5.30,-6.92,-8.40,2.28,0.02,-0.01
27.94,Stillness,0.000,0.150,6.846,False,-5.44,-6.91,-8.47,2.28,0.02,-0.01
27.97,Stillness,0.000,0.142,6.104,False,-5.39,-6.91,-8.40,2.28,0.02,-0.01
28.00,Stillness,0.000,0.154,6.152,False,-5.39,-6.91,-8.12,2.27,0.02,-0.01
28.03,Drowsy,1.000,0.154,6.152,False,-5.42,-6.90,-8.12,2.26,0.02,-0.01
28.06,Drowsy,1.000,0.155,5.445,False,-5.39,-6.90,-8.03,2.26,0.02,-0.01
28.09,Drowsy,1.000,0.142,5.834,False,-5.38,-6.89,-7.91,2.20,0.02,-0.01
28.13,Stillness,0.000,0.145,6.267,False,-5.40,-6.87,-7.89,2.13,0.02,-0.01
28.16,Stillness,0.000,0.168,6.531,False,-5.45,-6.86,-7.79,2.13,0.02,-0.01
